<?xml version="1.0" encoding="utf-8"?>
<multiplaEscolha resposta="1">
	<titulo>
		<texto><B>6) Sobre a implantação do IPv6 podemos afirmar que:</B></texto>
	</titulo>
	<alternativas>
		<texto>Não há necessidade de qualquer tipo de planejamento e investimentos.</texto>
		<texto>O IPv6 é necessário, não só pela escassez de endereços IPv4, mas por todas as melhorias que o novo protocolo apresenta.</texto>
		<texto>A adoção do IPv6 não resolverá o problema do crescimento da Internet.</texto>
		<texto>O incremento no uso do NAT, não prejudicará o crescimento de vários tipos de aplicações.</texto>
	</alternativas>
</multiplaEscolha>