<?xml version="1.0" encoding="utf-8"?>
<multiplaEscolha resposta="1">
	<titulo>
		<texto><B>3) O protocolo IPv6 foi desenvolvido ao longo de mais de dez anos, buscando suprir as principais falhas apresentadas por seu antecessor. Com isso, podemos afirmar que:</B></texto>
	</titulo>
	<alternativas>
		<texto>O IPv6 ainda não é um protocolo maduro, distante de tornar-se o protocolo de rede padrão da Internet.</texto>
		<texto>Este longo tempo de desenvolvimento permitiu que os principais SOs, softwares e equipamentos de redes se adaptassem, tornado hoje em dia, o suporte ao IPv6 um requisito padrão presente na maioria desses produtos.</texto>
		<texto>Apesar desse longo tempo de desenvolvimento, o IPv6 ainda apresenta inúmeras falhas e incompatibilidades com todos os principais softwares e equipamentos utilizados atualmente.</texto>
		<texto>O IPv6 é apenas um "upgrade" do IP. Ele é um protocolo praticamente idêntico ao IPv4, sendo do ponto de vista dos equipamentos, o mesmo protocolo.</texto>
	</alternativas>
</multiplaEscolha>