<?xml version="1.0" encoding="utf-8"?>
<multiplaEscolha resposta="0">
	<titulo>
		<texto><B>4) Sobre o método de transição Pilha Dupla é correto afirmar que:</B></texto>
	</titulo>
	<alternativas>
		<texto>Um nó Pilha Dupla (IPv6/IPv4), ao se comunicar com um nó IPv6, se comporta como um nó IPv6 e na comunicação com um nó IPv4, como nó IPv4.</texto>
		<texto>Para a atribuição dos endereços o método utilizado é indiferente, visto que qualquer método já utilizado hoje em dia é capaz de trabalhar com os dois protocolos.</texto>
		<texto>Nunca haverá a necessidade de se implantar firewalls individuais para cada protocolo.</texto>
		<texto>Não é preciso configurar ambos os endereços nos dispositivos.</texto>
	</alternativas>
</multiplaEscolha>