<?xml version="1.0" encoding="utf-8"?>
<multiplaEscolha resposta="1">
	<titulo>
		<texto><font size="13"><B>7) Escolha a alternativa que melhor completa as lacunas do texto abaixo:</B></font></texto>
		<texto><font size="12">As técnicas de ______ possibilitam um roteamento transparente na comunicação entre nós que apresentem suporte apenas a uma versão do protocolo IP, ou utilizem ______. Estes mecanismos podem atuar de diversas formas e em camadas distintas, traduzindo cabeçalhos IPv4 em ______ IPv6 e vice-versa, realizando conversões de endereços, de APIs de programação, ou atuando na troca de tráfego TCP ou UDP. Entre os principais mecanismos de tradução podemos citar ______, SIIT, ALG, ______ e ______.</font></texto>
	</titulo>
	<alternativas>
		<texto>Tunelamento; Pilha Dupla; cabeçalhos de extensão; 6to4; ISATAP; GRE.</texto>
		<texto>Tradução; Pilha Dupla; cabeçalhos; NAT-PT; BIA; BIS.</texto>
		<texto>Tradução; Túneis; cabeçalhos; NAT-PT; 6to4; Pilha Dupla.</texto>
		<texto>Tunelamento; Pilha Dupla; cabeçalhos; 6to4; TEREDO; ISATAP.</texto>
	</alternativas>
</multiplaEscolha>