<?xml version="1.0" encoding="utf-8"?>
<multiplaEscolha resposta="1">
	<titulo>
		<texto><B>4) Indique a opção <font color="#990000">incorreta </font>referente a utilização de NAT:</B></texto>
	</titulo>
	<alternativas>
		<texto>Sua utilização quebra o modelo fim a fim da Internet, ou seja, os computadores na Internet não conseguem iniciar uma comunicação com os que estão em uma rede privada.</texto>
		<texto>Por permitir que com um único endereço válido na Internet, toda uma rede de computadores seja parcialmente conectada, o NAT é a melhor solução para evitar o esgotamento dos endereços IPv4 e sua utilização deve ser incentivada.</texto>
		<texto>O NAT impossibilita  a utilização de algumas técnicas de segurança como IPSec.</texto>
		<texto>O NAT é bastante útil, mas traz uma série de problemas para a Internet atualmente.</texto>
	</alternativas>
</multiplaEscolha>