<?xml version="1.0" encoding="utf-8"?>
<multiplaEscolha resposta="0">
	<titulo>
		<texto><B>1) Em relação ao IPSec não é correto afirmar que:</B></texto>
	</titulo>
	<alternativas>
		<texto>O suporte ao IPSec é obrigatório tanto no IPv6 quanto no IPv4.</texto>
		<texto>Garante que a mensagem recebida não foi adulterada.</texto>
		<texto>Garante a identidade do remetente.</texto>
		<texto>Garante que a mensagem não seja entregue diversas vezes.</texto>
	</alternativas>
</multiplaEscolha>