<?xml version="1.0" encoding="utf-8"?>
<multiplaEscolha resposta="2">
	<titulo>
		<texto><B>7) Das afirmações a seguir sobre o protocolo NTP, assinale qual está correta:</B></texto>
	</titulo>
	<alternativas>
		<texto>O NTP é um protocolo de roteamento interno.</texto>
		<texto>O NTP é um protocolo de roteamento externo.</texto>
		<texto>Existem servidores NTP públicos, inclusive no Brasil, que já trabalham com conexão IPv6.</texto>
		<texto>A sincronização do relógio dos computadores de uma rede não é importante, apenas é realizada para padronizar o horário de execução de algumas aplicações.</texto>
	</alternativas>
</multiplaEscolha>