<?xml version="1.0" encoding="utf-8"?>
<multiplaEscolha resposta="0">
	<titulo>
		<texto><B>3) Qual a finalidade do protocolo SEND?</B></texto>
	</titulo>
	<alternativas>
		<texto>Oferecer um mecanismo de segurança para o protocolo Descoberta de Vizinhança.</texto>
		<texto>Oferecer um mecanismo de segurança para os pacotes identificados pelo campo Identificador de Fluxo do Cabeçalho IPv6.</texto>
		<texto>Impedir que vírus e cavalos de tróia sejam enviados através de pacotes IPv6.</texto>
		<texto>Substituir o protocolo IPSec, adicionando novas funcionalidades que aumentam ainda mais o nível de segurança na rede.</texto>
	</alternativas>
</multiplaEscolha>