<?xml version="1.0" encoding="utf-8"?>
<multiplaEscolha resposta="3">
	<titulo>
		<texto><B>3) Como uma das principais alterações no protocolo OSPFv3 não podemos citar:</B></texto>
	</titulo>
	<alternativas>
		<texto>A utilização dos endereços <I>multicast</I> AllSPFRouter (<B>FF02::5</B>)‏ e AllDRouters (<B>FF02::6</B>)‏.</texto>
		<texto>Que o OSPFv3 conecta interfaces por enlace e não mais por sub-rede como ocorre com o OSPFv2.</texto>
		<texto>Que a autenticação foi removida do protocolo OSPFv3 que agora passa a utilizar a autenticação do Cabeçalho de Extensão AH.</texto>
		<texto>Que os pacotes OSPFv3 usam um endereço global <I>unicast</I> como endereço de origem‏.</texto>
	</alternativas>
</multiplaEscolha>