<?xml version="1.0" encoding="utf-8"?>
<multiplaEscolha resposta="2">
	<titulo>
		<texto><B>1) Assinale a alternativa correta:</B></texto>
	</titulo>
	<alternativas>
		<texto>A única mudança significativa no novo cabeçalho IPv6 é o maior espaço para endereçamento.</texto>
		<texto>O cabeçalho IPv6 está 128 bits maior que o cabeçalho IPv4.</texto>
		<texto>O cabeçalho base do IPv6 possui 40 bytes e seu tamanho é fixo.</texto>
		<texto>Assim como o cabeçalho IPv4, no IPv6 o tamanho do cabeçalho base também pode variar.</texto>
	</alternativas>
</multiplaEscolha>