<?xml version="1.0" encoding="utf-8"?>
<multiplaEscolha resposta="1">
	<titulo>
		<texto><B>1) Nesta etapa inicial de implantação do IPv6 a utilização de métodos de transição é essencial porque:</B></texto>
	</titulo>
	<alternativas>
		<texto>Torna as conexões mais seguras devido a obrigatoriedade do suporte ao IPSec.</texto>
		<texto>Possibilita um período de coexistência entre os dois protocolos e facilita o processo de transição.</texto>
		<texto>Neste primeiro momento irá conectar ilhas isoladas IPv4 a toda a rede IPv6.</texto>
		<texto>Permitirá a utilização de qualquer protocolo de roteamento, independentemente se este tenha ou não suporte ao IPv6.</texto>
	</alternativas>
</multiplaEscolha>