<?xml version="1.0" encoding="utf-8"?>
<multiplaEscolha resposta="3">
	<titulo>
		<texto><B>6) Sobre as especificações implementadas no IPv6 que buscam solucionar o problema da qualidade de serviço é incorreto afirmar que:</B></texto>
	</titulo>
	<alternativas>
		<texto>Os 8 bits do campo Classe de Tráfego permitem identificar e distinguir as diferentes classes ou prioridades de pacotes IPv6.</texto>
		<texto>Para identificar os pacotes de um mesmo fluxo, eles devem ser enviados com o mesmo endereço de origem e destino, e o mesmo Identificador de Fluxo.</texto>
		<texto>A garantia da qualidade de serviço é essencial em aplicações como jogos online, VoIP e distribuição de vídeos.</texto>
		<texto>Não houve nenhuma alteração nos campos do Cabeçalho IPv6 em relação ao do IPv4 para tratar a questão do QoS.</texto>
	</alternativas>
</multiplaEscolha>