<?xml version="1.0" encoding="utf-8"?>
<multiplaEscolha resposta="0">
	<titulo>
		<texto><B>5) Todos os RIRs já distribuem endereços IPv6 em suas regiões, e no Brasil essa distribuição é feita pelo NIC.br. Usuários finais devem receber blocos variando entre /48 e /56, o que permite subdividir suas redes em 65.536 e 256 redes diferentes (/64) respectivamente. No entanto, é possível que um usuário receba um bloco /64 desde que:</B></texto>
	</titulo>
	<alternativas>
		<texto>Haja certeza de que apenas uma rede atende suas necessidades.</texto>
		<texto>O usuário justifique a necessidade de um bloco deste tamanho, visto que é possível subdividir a rede em um número quase incontável de novas redes com um bloco /64.</texto>
		<texto>Não é possível alocar um bloco /64, visto que a alocação de blocos muito pequenos é inviável.</texto>
		<texto>O usuário contacte diretamente a IANA, que é o órgão responsável pela a distribuição de endereços aos usuários finais.</texto>
	</alternativas>
</multiplaEscolha>