<?xml version="1.0" encoding="utf-8"?>
<multiplaEscolha resposta="1">
	<titulo>
		<texto><B>5) A utilização dos cabeçalhos de extensão permite que:</B></texto>
	</titulo>
	<alternativas>
		<texto>Os roteadores ao longo do caminho verifiquem e processem todos os cabeçalhos de extensão que estiverem presentes.</texto>
		<texto>O tempo de processamento dos roteadores diminua, visto que o roteador irá processar um único cabeçalho, o Hop-by-Hop.</texto>
		<texto>Não altera nada no roteamento dos pacotes, apenas muda a posição das opções identificadas no cabeçalho.</texto>
		<texto>Diversas falhas de segurança sejam exploradas, o que tornou o uso de todos os cabeçalhos de extensão obsoleto.</texto>
	</alternativas>
</multiplaEscolha>