<?xml version="1.0" encoding="utf-8"?>
<multiplaEscolha resposta="0">
	<titulo>
		<texto><B>1) Podemos definir Protocolo como:</B></texto>
	</titulo>
	<alternativas>
		<texto>Conjunto de regras e códigos que possibilitam a comunicação entre computadores conectados a uma rede.</texto>
		<texto>Meio físico pelo qual os computadores se comunicam.</texto>
		<texto>Uma rede formada por dois ou mais computadores interligados.</texto>
		<texto>Documento que organiza os computadores na rede de forma hierárquica.</texto>
	</alternativas>
</multiplaEscolha>