<?xml version="1.0" encoding="utf-8"?>
<multiplaEscolha resposta="2">
	<titulo>
		<texto><font size="13"><B>5) Escolha a alternativa que melhor completa as lacunas do texto abaixo:</B></font></texto>
		<texto><font size="13">Embora tecnologias como _____, CIDR e DHCP tenham tardado o esgotamento dos endereços IP, com o contínuo _____ da Internet, elas deixaram de ser _____. O _____ é a solução definitiva para o problema da escassez de endereços _____. Sua implementação permitirá, entre outras coisas, que as redes atuais continuem a se _____, a inclusão de novos usuários na Internet e o surgimento de _____ e dispositivos conectados a rede.</font></texto>
	</titulo>
	<alternativas>
		<texto>IPv6; crescimento; necessárias; NAT; IPv4; expandir; protocolos.</texto>
		<texto>IPv6; declínio; necessárias; NAT; IPv6; extinguir; protocolos.</texto>
		<texto>NAT;  crescimento; efetivas; IPv6; IPv4; expandir; novas aplicações.</texto>
		<texto>NAT; declínio; efetivas; IPv4; IPv6; extinguir; novos protocolos.</texto>
	</alternativas>
</multiplaEscolha>