<?xml version="1.0" encoding="utf-8"?>
<multiplaEscolha resposta="3">
	<titulo>
		<texto><B>6) Assinale a alternativa correta:</B></texto>
	</titulo>
	<alternativas>
		<texto>Ainda não foram desenvolvidos protocolos utilizados no gerenciamento de redes que suportem tráfego IPv6.</texto>
		<texto>Não existem versões de SNMP e de MIBs que tratem tanto informações do protocolo IPv4 quanto do IPv6. É preciso executar uma versão para cada protocolo.</texto>
		<texto>Apenas o protocolo NetFlow 9 apresenta suporte ao IPv6. A versão do IPFIX com este suporte ainda não foi desenvolvida.</texto>
		<texto>É possível conectar remotamente dispositivos de rede através de conexões IPv6, tanto com o protocolo SSH quanto com TELNET.</texto>
	</alternativas>
</multiplaEscolha>