<?xml version="1.0" encoding="utf-8"?>
<multiplaEscolha resposta="1">
	<titulo>
		<texto><B>6) Na troca de pacotes IPv6 encapsulados em pacotes IPv4, é importante permitir a entrada de tráfego apenas de Túneis autorizados, visto que:</B></texto>
	</titulo>
	<alternativas>
		<texto>Muitos servidores públicos de Túneis são usados para o envio de mensagens não solicitadas (spam).</texto>
		<texto>As principais ameaças relacionadas aos mecanismos de tunelamento, referem-se a  de endereços falsos (spoofing) de roteadores e relays públicos utilizados por essa técnica.</texto>
		<texto>Ainda não existem aplicações capazes de analisar este tipo de pacote.</texto>
		<texto>Este tipo de pacote é muito utilizado para propagar vírus.</texto>
	</alternativas>
</multiplaEscolha>