<?xml version="1.0" encoding="utf-8"?>
<multiplaEscolha resposta="2">
	<titulo>
		<texto><font size="13"><B>1) Escolha a alternativa que melhor completa as lacunas do texto abaixo:</B></font></texto>
		<texto><font size="13">O protocolo ______ é utilizado por dispositivos de um mesmo enlace para descobrir a presença de outros dispositivos, ______ seus endereços MAC, encontrar roteadores e manter informações sobre o caminho e a acessibilidade de seus vizinhos. O protocolo ______ utiliza ______ mensagens ICMPv6 que são configuradas com um ______ de 255 para assegurar que as mensagens recebidas são originadas de um nó do mesmo enlace, descartando as mensagens com valores diferentes</font></texto>
	</titulo>
	<alternativas>
		<texto>IPv6, alterar, IPv6, cinco, endereço.</texto>
		<texto>IPv6, determinar, Descoberta de Vizinhança, duas, roteador.</texto>
		<texto>Descoberta de Vizinhança, determinar, Descoberta de Vizinhança, cinco, Limite de Encaminhamento.</texto>
		<texto>Descoberta de Vizinhança, alterar, Descoberta de Vizinhança, oito, Limite de Encaminhamento.</texto>
	</alternativas>
</multiplaEscolha>