<?xml version="1.0" encoding="utf-8"?>
<multiplaEscolha resposta="2">
	<titulo>
		<texto><B>2) Sobre o protocolo RIPng é incorreto afirmar que:</B></texto>
	</titulo>
	<alternativas>
		<texto>É baseado em um algoritmo distance-vector conhecido como Bellman-Ford.</texto>
		<texto>Segue os principais conceitos do RIPv2 utilizado com o IPv4.</texto>
		<texto>Não houve a necessidade de mudanças, em relação ao RIPv2, para dar suporte aos prefixos e ao tamanho dos endereços IPv6.</texto>
		<texto>Utiliza como endereço de destino para mensagens RIP Update o endereço <I>multicast</I> All RIP Routers (<B>FF02::9</B>)‏.</texto>
	</alternativas>
</multiplaEscolha>