<?xml version="1.0" encoding="utf-8"?>
<multiplaEscolha resposta="1">
	<titulo>
		<texto><B>5) Em relação aos dispositivos que tenham implementado o mecanismo de transição Pilha Dupla é importante destacar que:</B></texto>
	</titulo>
	<alternativas>
		<texto>Esta técnica evita o ataque vindo de dispositivos com suporte a um único protocolo.</texto>
		<texto>As aplicações ficam expostas aos ataques a ambos os protocolos, IPv6 e IPv4, o que pode ser resolvido configurando firewalls específicos para cada protocolo.</texto>
		<texto>Impossibilita a utilização do IPSec.</texto>
		<texto>Não requer nenhuma preocupação a mais com problemas de segurança.</texto>
	</alternativas>
</multiplaEscolha>