<?xml version="1.0" encoding="utf-8"?>
<multiplaEscolha resposta="2">
	<titulo>
		<texto><B>2) Em relação ao planejamento necessário para implantação do IPv6, é incorreto afirmar:</B></texto>
	</titulo>
	<alternativas>
		<texto>É necessário buscar conhecimento sobre as características do novo protocolo, além da realização de testes e experimentos com o funcionamento do IPv6 nas redes de computadores.</texto>
		<texto>Deve-se incluir em novas compras e trocas de equipamentos, produtos e serviços com suporte ao IPv6, avaliando o nível e a qualidade deste suporte.</texto>
		<texto>Não há pressa para implementarmos o IPv6 nas redes, visto que ele ainda demorará anos para ser efetivamente necessário.</texto>
		<texto>Administradores de AS já devem solicitar aos RIRs e NIRs um bloco IPv6 e usuários finais devem solicitar endereços IPv6 aos seus provedores de acesso.</texto>
	</alternativas>
</multiplaEscolha>