<?xml version="1.0" encoding="utf-8"?>
<multiplaEscolha resposta="2">
	<titulo>
		<texto><B>4) Para alguns protocolos de roteamento não foram desenvolvidas versões específicas para trabalhar com o IPv6, apenas foram adicionadas novas funcionalidades aos protocolos já existentes. Entre esse protocolos podemos citar:</B></texto>
	</titulo>
	<alternativas>
		<texto>OSPFv3 e RIPng</texto>
		<texto>IS-IS e OSPFv3</texto>
		<texto>IS-IS e BGP</texto>
		<texto>RIPng e BGP</texto>
	</alternativas>
</multiplaEscolha>