<?xml version="1.0" encoding="utf-8"?>
<multiplaEscolha resposta="3">
	<titulo>
		<texto><B>7) Sobre os endereços <I>multicast</I> podemos dizer que:</B></texto>
	</titulo>
	<alternativas>
		<texto>No IPv6, seu suporte não é obrigatório em todos os nós.</texto>
		<texto>Funciona exatamente da mesma forma que os endereços <I>anycast</I>.</texto>
		<texto>É utilizado apenas para substituir os endereços <I>broadcast</I>.</texto>
		<texto>Os pacotes enviados para um endereço <I>multicast</I> é entregue a todas as interfaces de um determinado grupo.</texto>
	</alternativas>
</multiplaEscolha>