<?xml version="1.0" encoding="utf-8"?>
<multiplaEscolha resposta="0">
	<titulo>
		<texto><B>2) Em relação ao cabeçalho do novo protocolo IP, por que alguns campos do cabeçalho IPv4 foram removidos?</B></texto>
	</titulo>
	<alternativas>
		<texto>A utilização destes campos não são mais necessárias ou suas funções foram assumidas por cabeçalhos de extensão do IPv6.</texto>
		<texto>A utilização destes campos impediam o surgimento de novas funcionalidades.</texto>
		<texto>Nenhum campo foi removido, apenas mudaram de nome ou posição.</texto>
		<texto>Sem a remoção destes campos, seria impossível aumentar o tamanho do espaço para endereçamento no IPv6.</texto>
	</alternativas>
</multiplaEscolha>