<?xml version="1.0" encoding="utf-8"?>
<multiplaEscolha resposta="3">
	<titulo>
		<texto><font size="12"><B>4) A importância da implantação do IPv6, além do esgotamento dos endereços IPv4 e suas consequências, tem sido muito discutida ao longo dos últimos anos. Como resultado dessa discussão é incorreto apontar:</B></font></texto>
	</titulo>
	<alternativas>
		<texto><font size="12">A preocupação de diversos Governos Federais com essa questão, que passaram a atuar com ações como: recomendação do uso do novo protocolo, a obrigatoriedade do suporte ao IPv6 em Agências Governamentais, incentivos fiscais à empresas que adotarem o IPv6, além do fomento a pesquisas nessa área.</font></texto>
		<texto>A participação de diversos grupos de pesquisa pelo mundo, que trabalham no desenvolvimento de projetos relacionados ao protocolo IPv6.</texto>
		<texto>As ações dos RIRs e suas políticas de incentivo e fomento a adoção do IPv6 nas regiões por eles administradas, coordenando diversas iniciativas como atividades de divulgação e treinamento.</texto>
		<texto>A conclusão unânime de que a adoção do IPv6 não será necessária a curto e médio prazo.</texto>
	</alternativas>
</multiplaEscolha>