<?xml version="1.0" encoding="utf-8"?>
<multiplaEscolha resposta="2">
	<titulo>
		<texto><B>4) O espaço para endereçamento de 128 bits do IPv6 tornou praticamente impraticável o uso da seguinte técnica de busca por falhas de segurança:</B></texto>
	</titulo>
	<alternativas>
		<texto>Descoberta de Senhas.</texto>
		<texto>Análise de tráfego (Sniffing).</texto>
		<texto>Varredura de endereços (Scanning).</texto>
		<texto>Negação de Serviço (DoS).</texto>
	</alternativas>
</multiplaEscolha>