<?xml version="1.0" encoding="utf-8"?>
<multiplaEscolha resposta="2">
	<titulo>
		<texto><B>2) Para garantir a autenticação e confidencialidade dos pacotes transmitidos e gerenciar chaves de segurança, o IPSec utiliza alguns Cabeçalhos de Extensão do IPv6 e as funcionalidades de outros protocolos. Indique qual dos itens abaixo não faz parte do protocolo IPSec:</B></texto>
	</titulo>
	<alternativas>
		<texto>Internet Key Exchange.</texto>
		<texto>Encapsulating Security Payload.</texto>
		<texto>Secure Socket Layer.</texto>
		<texto>Authentication Header.</texto>
	</alternativas>
</multiplaEscolha>