<?xml version="1.0" encoding="utf-8"?>
<multiplaEscolha resposta="2">
	<titulo>
		<texto><B>6) Sobre os Túneis 6to4 é correto afirmar que:</B></texto>
	</titulo>
	<alternativas>
		<texto>É um túnel manual e estático entre dois <I>hosts</I>, que foi originalmente desenvolvido com a finalidade de encapsular vários tipos diferentes de protocolos.</texto>
		<texto>Seu funcionamento é simples, bastando cadastrar-se em um provedor de acesso e realizar a conexão do túnel através da solicitação do serviço ao Servidor Web do provedor.</texto>
		<texto>Fornece um endereço IPv6 único, formado pelo prefixo de endereço global 2002:wwxx:yyzz::/48, onde wwxx:yyzz é o endereço IPv4 público do <I>host</I> convertido para hexadecimal.</texto>
		<texto>Fornece um endereço IPv6 baseado em um prefixo <I>unicast</I> de 64 bits seguido por ::0:5EFE:w.x.y.z  ou ::200:5EFE:w.x.y.z, onde o w.x.y.z representa o endereço IPv4 do <I>host</I> ou do roteador.</texto>
	</alternativas>
</multiplaEscolha>