<?xml version="1.0" encoding="utf-8"?>
<multiplaEscolha resposta="3">
	<titulo>
		<texto><B>1) Entre os conceitos a seguir, não podemos afirmar que:</B></texto>
	</titulo>
	<alternativas>
		<texto>O IPv6 deverá ser implantado na Internet de forma gradual, com o IPv4 ainda em funcionamento.</texto>
		<texto>A utilização dos mecanismos de transição permitem que equipamentos sejam testados e que a estrutura das redes seja analisada, facilitando o processo de implantação do IPv6.</texto>
		<texto>Inicialmente, haverá um processo de coexistência entre os dois protocolos.</texto>
		<texto>Haverá uma "data da virada", ou seja, uma data específica a ser definida pela IANA, em que o IPv4 será completamente removido da rede migrando definitivamente para o IPv6.</texto>
	</alternativas>
</multiplaEscolha>