<?xml version="1.0" encoding="utf-8"?>
<multiplaEscolha resposta="0">
	<titulo>
		<texto><font size="13"><B>5) Escolha a alternativa que melhor completa as lacunas do texto abaixo:</B></font></texto>
		<texto><font size="13">O ______ é o protocolo de roteamento ______ mais utilizado. No entanto, não há uma versão de ______ específica para o IPv6, utilizando neste caso suas extensões multiprotocolo ou ______. Essas extensões suportam as mesmas funcionalidades que o ______ para IPv4, sendo capaz de trabalhar com as duas famílias de endereços, IPv4 e IPv6.</font></texto>
	</titulo>
	<alternativas>
		<texto>BGP; externo; BGP; Multiprotocol Border Gateway Protocol (MBGP); BGP.</texto>
		<texto>BGP; interno; BGP; Multiprotocol Border Gateway Protocol (MBGP); BGP.</texto>
		<texto>IGP; externo; IGP; Multiprotocol Interior Gateway Protocol (MIGP); IGP.</texto>
		<texto>EGP; interno; EGP; Multiprotocol Exterior Gateway Protocol (MEGP); EGP.</texto>
	</alternativas>
</multiplaEscolha>