<?xml version="1.0" encoding="utf-8"?>
<multiplaEscolha resposta="3">
	<titulo>
		<texto><B>7) Assinale a alternativa correta:</B></texto>
	</titulo>
	<alternativas>
		<texto>O novo cabeçalho do IPv6 torna processamento nos roteadores mais lento, visto que o aumento no tamanho dos endereços o deixou muito maior.</texto>
		<texto>O suporte ao protocolo IPSec não é obrigatório.</texto>
		<texto>O IPv6 não permite conexões móveis.</texto>
		<texto>No IPv6, a fragmentação dos pacotes é realizada apenas na origem, com o intuito de agilizar o roteamento dos pacotes.</texto>
	</alternativas>
</multiplaEscolha>