<?xml version="1.0" encoding="utf-8"?>
<multiplaEscolha resposta="0">
	<titulo>
		<texto><B>3) Os campos Tipo de Serviço, Tamanho Total, Tempo de Vida e Protocolo do Cabeçalho IPv4 foram substituídos respectivamente pelo campos:</B></texto>
	</titulo>
	<alternativas>
		<texto>Classe de Tráfego, Tamanho dos Dados, Limite de Encaminhamento e Próximo Cabeçalho.</texto>
		<texto>Identificador de Fluxo, Tamanho dos Dados, Limite de Encaminhamento e Próximo Cabeçalho.</texto>
		<texto>Próximo Cabeçalho, Tamanho dos Dados, Versão e Classe de Tráfego.</texto>
		<texto>Identificador de Fluxo, Tamanho dos Dados, Próximo Cabeçalho e Classe de Tráfego.</texto>
	</alternativas>
</multiplaEscolha>