<?xml version="1.0" encoding="utf-8"?>
<multiplaEscolha resposta="2">
	<titulo>
		<texto><B>2) Uma das principais regras do protocolo IP diz que:</B></texto>
	</titulo>
	<alternativas>
		<texto>Cada computador só pode se comunicar com um único computador de cada vez.</texto>
		<texto>Um conjunto de entidades deve distribuir os IPs de forma controlada.</texto>
		<texto>Cada computador deve ser identificado univocamente na rede, ou seja, sem possibilidade de engano.</texto>
		<texto>O endereço IP não precisa ser único, podendo existir na Internet dois dispositivos com o mesmo endereço.</texto>
	</alternativas>
</multiplaEscolha>