<?xml version="1.0" encoding="utf-8"?>
<multiplaEscolha resposta="1">
	<titulo>
		<texto><B>4) Sobre o mecanismo de autoconfiguração de endereços </B><I>stateless </I><B>podemos afirmar que:</B></texto>
	</titulo>
	<alternativas>
		<texto>Não verifica a unicidade dos endereços atribuídos.</texto>
		<texto>Permite aos nós a configuração automática dos endereços em suas interfaces, sem a utilização de servidores DHCP.</texto>
		<texto>Trabalha apenas em conjunto com servidores de DHCPv6.</texto>
		<texto>Forma os endereços utilizando um prefixo aleatório anexado ao identificador da interface.</texto>
	</alternativas>
</multiplaEscolha>