<?xml version="1.0" encoding="utf-8"?>
<clickArraste>
	<titulo>
		<texto><B>4) Associe o nome do campo do cabeçalho com sua respectiva definição:</B></texto>
	</titulo>
	<botoes>
		<texto><font size="13"><B>A. </B>Versão</font></texto>
		<texto><font size="13"><B>B. </B>Classe de Tráfego</font></texto>
		<texto><font size="13"><B>C. </B>Identificador de fluxo</font></texto>
		<texto><font size="13"><B>D. </B>Tamanho dos dados</font></texto>
		<texto><font size="13"><B>E. </B>Próximo Cabeçalho</font></texto>
		<texto><font size="13"><B>F. </B>Limite de encaminhamento</font></texto>
		<texto><font size="13"><B>G. </B>Endereço de origem</font></texto>
		<texto><font size="13"><B>H. </B>Endereço de destino</font></texto>
	</botoes>
	<alternativas>
		<texto><font size="13">Identifica a versão do protocolo IP utilizado.</font></texto>
		<texto><font size="13">Define diferentes classes e prioridades aos pacotes IPv6.</font></texto>
		<texto><font size="13">Identifica e diferencia sequências de pacotes pertencentes ao mesmo fluxo de dados.</font></texto>
		<texto><font size="13">Representa o volume de dados em Bytes que o pacote transporta.</font></texto>
		<texto><font size="13">Indica o tipo de informação que se segue ao cabeçalho IPv6.</font></texto>
		<texto><font size="13">Indica o número máximo de roteadores pelos quais o pacote pode passar antes de ser descartado.</font></texto>
		<texto><font size="13">Especifica o endereço de origem do pacote.</font></texto>
		<texto><font size="13">Especifica o endereço de destino do pacote.</font></texto>
	</alternativas>
	<alternativas>
		<texto><font size="13"><B>A. </B>Identifica a versão do protocolo IP utilizado.</font></texto>
		<texto><font size="13"><B>B. </B>Define diferentes classes e prioridades aos pacotes IPv6.</font></texto>
		<texto><font size="13"><B>C. </B>Identifica e diferencia sequências de pacotes pertencentes ao mesmo fluxo de dados.</font></texto>
		<texto><font size="13"><B>D. </B>Representa o volume de dados em Bytes que o pacote transporta.</font></texto>
		<texto><font size="13"><B>E. </B>Indica o tipo de informação que se segue ao cabeçalho IPv6.</font></texto>
		<texto><font size="13"><B>F. </B>Indica o número máximo de roteadores pelos quais o pacote pode passar antes de ser descartado.</font></texto>
		<texto><font size="13"><B>G. </B>Especifica o endereço de origem do pacote.</font></texto>
		<texto><font size="13"><B>H. </B>Especifica o endereço de destino do pacote.</font></texto>
	</alternativas>
</clickArraste>