<?xml version="1.0" encoding="utf-8"?>
<clickArraste>
	<titulo>
		<texto><B>3) Associe as mensagens ICMPv6 utilizadas pelo protocolo Descoberta de Vizinhança, listadas na coluna a esquerda, com suas respectivas atribuições:</B></texto>
	</titulo>
	<botoes>
		<!-- A 0 --><texto><font size="13"><B>A. </B><I>Router Solicitation</I></font></texto>
		<!-- B 1 --><texto><font size="13"><B>B. </B><I>Router Advertisement</I></font></texto>
		<!-- C 2 --><texto><font size="13"><B>C. </B><I>Neighbor Solicitation</I></font></texto>
		<!-- D 3 --><texto><font size="13"><B>D. </B><I>Neighbor Advertisement</I></font></texto>
		<!-- E 4 --><texto><font size="13"><B>E. </B><I>Redirect</I></font></texto>
	</botoes>
	<alternativas>
		<!-- A 0 --><texto><font size="13">Utilizada por <I>hosts</I> para requisitar aos roteadores mensagens <I>Router Advertisements</I> imediatamente.</font></texto>
		<!-- B 1 --><texto><font size="13">Enviadas periodicamente, ou em resposta a uma <I>Router Solicitation</I>, são utilizadas pelos roteadores para anunciar sua presença em um enlace e na Internet.</font></texto>
		<!-- C 2 --><texto><font size="13">Enviada por um nó para determinar o endereço MAC e a acessibilidade de um vizinho, além de detectar a existência de endereços duplicados.</font></texto>
		<!-- D 3 --><texto><font size="13">Enviada como resposta a uma <I>Neighbor Solicitation</I>, pode também ser enviada para anunciar a mudança de  algum endereço MAC dentro do enlace.</font></texto>
		<!-- E 4 --><texto><font size="13">Utilizada por roteadores para informar ao <I>host</I> um roteador mais indicado para se alcançar um destino.</font></texto>
	</alternativas>
	<alternativas>
		<!-- A 0 --><texto><font size="13"><B>A. </B>Utilizada por <I>hosts</I> para requisitar aos roteadores mensagens <I>Router Advertisements</I> imediatamente.</font></texto>
		<!-- B 1 --><texto><font size="13"><B>B. </B>Enviadas periodicamente, ou em resposta a uma <I>Router Solicitation</I>, são utilizadas pelos roteadores para anunciar sua presença em um enlace e na Internet.</font></texto>
		<!-- C 2 --><texto><font size="13"><B>C. </B>Enviada por um nó para determinar o endereço MAC e a acessibilidade de um vizinho, além de detectar a existência de endereços duplicados.</font></texto>
		<!-- D 3 --><texto><font size="13"><B>D. </B>Enviada como resposta a uma <I>Neighbor Solicitation</I>, pode também ser enviada para anunciar a mudança de  algum endereço MAC dentro do enlace.</font></texto>
		<!-- E 4 --><texto><font size="13"><B>E. </B>Utilizada por roteadores para informar ao <I>host</I> um roteador mais indicado para se alcançar um destino.</font></texto>
	</alternativas>
</clickArraste>