<?xml version="1.0" encoding="utf-8"?>
<multiplaEscolha resposta="2">
	<titulo>
		<texto><font size="13"><B>2) Indique quais das frases a seguir estão corretas:</B></font></texto>
		<texto><font size="12"><B>I</B> - Assim como no IPv4, é possível atribuir apenas um endereço a uma interface quando utiliza-se IPv6.<br /><B>II</B> - O espaço de 16 bytes reservado para endereçamento no IPv6 é quatro vezes maior que no IPv4. <br/><B>III</B> - Para enviar um pacote a todos os dispositivos conectados em uma rede, é possível utilizar com o IPv6, tanto um endereço <I>broadcast</I> quanto o endereço <I>multicast "all nodes on link"</I>. <br /><B>IV</B> - Um endereço IPv6 é representado por 8 grupos de 16 bits separando-os por ":", escritos com dígitos hexadecimais.</font></texto>
	</titulo>
	<alternativas>
		<texto>I, II e IV.</texto>
		<texto>II e III.</texto>
		<texto>II e IV.</texto>
		<texto>Apenas IV está correta.</texto>
	</alternativas>
</multiplaEscolha>