<?xml version="1.0" encoding="utf-8"?>
<multiplaEscolha resposta="2">
	<titulo>
		<texto><B>5) Assinale a alternativa incorreta:</B></texto>
	</titulo>
	<alternativas>
		<texto>O DHCPv6  é utilizado na distribuição dinâmica de endereços IP em uma rede.</texto>
		<texto>O DHCPv6 fornece um controle maior na atribuição de endereços aos <I>host</I>, se comparado ao mecanismo de autoconfiguração de endereços <I>stateless</I>.</texto>
		<texto>Os servidores DNS utilizam o mesmo registro para armazenamento de endereços tanto para IPv6 quanto para IPv4.</texto>
		<texto>Para a resolução de endereços IPv6 em nomes de domínios utiliza-se o domínio ip6.arpa.</texto>
	</alternativas>
</multiplaEscolha>