<?xml version="1.0" encoding="utf-8"?>
<multiplaEscolha resposta="3">
	<titulo>
		<texto><B>3) O método de transição Pilha Dupla permite que:</B></texto>
	</titulo>
	<alternativas>
		<texto>Um dispositivo utilize a funcionalidade de autoconfiguração de endereços stateless do IPv6 para adquirir endereços IPv4.</texto>
		<texto>Utilize-se IPSec em conexões IPv4, mesmo se estas estiverem atrás de NAT.</texto>
		<texto>Os cabeçalhos IPv4 sejam traduzidos em cabeçalhos IPv6 e vice-versa.</texto>
		<texto>Hosts e roteadores tornem-se capazes de enviar e receber pacotes tanto para nós IPv4, quanto para nós IPv6.</texto>
	</alternativas>
</multiplaEscolha>