<?xml version="1.0" encoding="UTF-8"?>
<organization name="Cilindros de Gás Comprimido">
	<resource id="10" title="I">
		<texto><B>ICMP <I>(Internet Control Message Protocol):</I></B> Parte integrante do protocolo IP, o ICMP foi definido na RFC 792 e é utilizado para diagnosticar falhas no encaminhamento e processamento dos pacotes de dados, a partir de troca de mensagens. O ICMPv6, definido na RFC 4884, é a versão utilizada com o IPv6, e além das funções de diagnóstico,  passou a realizar também, funções de configuração de rede (Protocolo Descoberta de Vizinhança), gerenciamento de grupos <I>multicast</I>, e na implementação de  funções de suporte a mobilidade, etc.</texto>
		<texto><B>IGMP (<I>Internet Group Management Protocol</I>):</B> Protocolo definido na RFC  utilizado no IPv4 para gerenciar os grupos <I>multicast</I>, controlando a entrada e a saída de <I>hosts</I> destes grupos. No IPv6, suas funções são atribuídas ao protocolo ICMPv6.</texto>
		<texto><B>Interface:</B> Dispositivo físico que permite que duas ou mais unidades sejam interligadas num sistema padrão de comunicação, permitindo a transferência de dados entre eles.</texto>
		<texto><B>IS-IS <I>(Intermediate System to Intermediate System):</I></B> Protocolo de roteamento interno definido na  RFC 1142, é um protocolo do tipo link-state que utiliza o algorítimo de Dijkstra para calcular o melhor caminho através da rede. Possui como principal característica, o fato de fornecer interconexão de redes em ambientes multiprotocolos. As definições para sua utilização com o protocolo IPv6 encontram-se na RFC 5308.</texto>
		<texto><B>IKE <I>(Internet Key Exchange):</I></B> Componente do IPSec utilizado no gerenciamento de chaves, é responsável por estabelecer e manter associações de segurança. Definido na RFC 4306, agrupa funcionalidades dos protocolos ISAKMP e Oakley.</texto>
		<texto><B>IP <I>(Internet Protocol):</I></B> Protocolo da camada de rede, projetado para permitir a  transmissão de blocos de dados, chamado de datagramas, de uma fonte até um destinos, onde a fonte e o destino são <I>hosts</I> identificados por endereços de  tamanho fixo. Este protocolo também permite a fragmentação e a remontagem de datagramas longos, transmitindo os dados através de "pequenos pacotes", quando necessário.</texto>
		<texto><B>IPFIX <I>(IP Flow Information Export):</I></B> Protocolo definido na RFC 5101, é utilizado no gerenciamento de redes de computadores, por permitir a coleta e o acesso a informações sobre fluxos de dados IP.</texto>
		<texto><B>IPSec <I>(Internet Protocol Security):</I></B> Arquitetura definida na RFC 4301, projetada para fornecer um conjunto dos serviços de segurança que inclui controle de acesso, integridade não orientada à conexão, autenticação da origem dos dados e confidencialidade (através de criptografia).</texto>
		<texto><B>IPv4 <I>(Internet Protocol version 4):</I></B> Versão do protocolo IP mais utilizada atualmente na comunicação em redes de computadores, foi definido na RFC 791, quando a Internet era uma rede puramente acadêmica. Com um espaço para endereçamento de 32 bits, seu projeto inicial não previu o crescimento exponencial da Internet e o número cada vez maior de dispositivos conectados a ela. Desta forma, surgiram alguns aspectos como, o esgotamento dos endereços IP disponíveis, o crescimento da tabela de roteamento, além de questões relacionadas a segurança e qualidade de serviço, que motivaram a IETF, no início dos anos 90, a iniciar a discussão sobre a nova geração do protocolo IP, levando ao desenvolvimento do IPv6.</texto>
		<texto><B>IPv6 <I>(Internet Protocol version 6):</I></B> Definida na RFC 2460, a versão 6 do protocolo IP, além de possuir um espaço de endereçamento muito maior, de 128 bits, busca trazer algumas melhorias em relação ao IPv4, como cabeçalho simplificado e aprimorado, autoconfiguração de endereços, maior segurança, identificação do fluxo de dados garantindo a qualidade de serviço, entre outras.</texto>
		<texto><B>ISATAP <I>(Intra-Site Automatic Tunnel Addressing Protocol):</I></B> Mecanismo de transição, definido na RFC 5214, desenvolvido para conectar nós Pilha Dupla através de uma rede IPv4, encapsulando os pacotes IPv6 em pacotes IPv4.</texto>
		<texto><B>ISP <I>(Internet Service Provider):</I></B> Empresa que fornece acesso à Internet, geralmente   mediante o pagamento de uma taxa, além de serviços adicionais, como contas de email, hospedagem de sítios web, etc.</texto>
	</resource>
	<resource id="11" title="M">
		<texto><B><I>Man-in-the-Middle:</I></B> Forma de ataque em que o invasor coloca-se entre a fonte o receptor dos dados, sendo capaz de ler, inserir e modificar mensagens interceptadas, sem que nenhum dos lados saiba que a sessão entre eles está comprometida.</texto>
		<texto><B>MTU <I>(Maximum Transmission Unit):</I></B> Tamanho máximo de um pacote de dados que pode ser transmitido em uma rede física. Esta limitação é definida de acordo com o protocolo de enlace utilizado.</texto>
		<texto><B>Mecanismos de transição:</B> Conjunto de mecanismos executados nos <I>hosts</I> e roteadores, projetados para facilitar a transição da Internet para o novo protocolo IP, assegurando que dispositivos rodando IPv6 ou IPv4, ou com ambos, possam se comunicar evitando o surgimento de ilhas de comunicação isoladas.</texto>
		<texto><B>MIB <I>(Management Information Base):</I></B> Elemento chave de sistemas de gerenciamento SNMP, a MIB é o conjunto dos objetos gerenciados, que define as variáveis necessárias para a gerência da rede. As regras de construção das estruturas da MIB são descritas através da SMI (Structure of Management Information) que define como os objetos gerenciados são nomeados e especifica sua sintaxe. As definições da MIB encontram-se na RFC 1213.</texto>
		<texto><B><I>Modem:</I></B> Dispositivo que permite o envio e recebimento de dados utilizando as linhas telefônicas. </texto>
		<texto><B>MBGP <I>(Multiprotocol Border Gateway Protocol):</I></B> Extensões do protocolo de roteamento externo BGP, que lhe permite encaminhar pacotes através de vários protocolos da camada de rede como IPv6, IPX, L3VPN, etc. Suas especificações encontram-se na RFC 4760.</texto>
	</resource>
	<resource id="12" title="N">
		<texto><B>NAT <I>(Network Address Translation):</I></B> Técnica definida na RFC 3022, utilizada para permitir a conexão de computadores de uma rede privada com a Internet. Seu funcionamento consiste em mapear o IP privado e a porta local do computador a um número de 16 bits, gravado em  uma tabela hash, que será usado como porta de origem do pacote a ser enviado. O endereço IP de origem do pacote será o endereço global do gateway NAT. Quando o gateway NAT receber uma resposta a este pacote, é realizada a operação inversa, buscando na tabela hash a entrada que corresponde aos bits do campo  porta de destino, encaminhando o pacote é para o computador correto dentro da rede privada.</texto>
		<texto><B>Negação de serviço:</B> Atividade maliciosa onde o atacante utiliza um computador para tirar de operação um serviço ou computador conectado à Internet.</texto>
		<texto><B><I>Neighbour Discovery:</I></B> Veja <B>Descoberta de vizinhança</B>.</texto>
		<texto><B>NetFlow 9:</B> Ferramenta para monitoramento de redes desenvolvida pela CISCO Systems, que possibilita coletar informações sobre fluxos de dados IP. Suas especificações podem ser encontradas na RFC 3954, e tem sido utilizada como base para o protocolo IPFIX, proposto pelo IETF.</texto>
		<texto><B>Nó(s):</B> Todos os dispositivos de uma rede, computadores, roteadores, etc.</texto>
		<texto><B>NTP <I>(Network Time Protocol):</I></B> Definido na RFC 1305, este protocolo permite a sincronização dos relógios dos dispositivos de uma rede (servidores, estações de trabalho, roteadores e outros equipamentos) com uma referência de tempo. Com sua utilização, é possível que os relógios sejam sincronizados com exatidão da ordem de centenas de microssegundos numa rede local, a de alguns milissegundos numa WAN ou na Internet.</texto>
	</resource>
	<resource id="13" title="O">
		<texto><B>OSPF <I>(Open Shortest Path First):</I></B> Protocolo de roteamento interno do tipo link-state, baseado no algoritmo de Dijkstra. Cada roteador OSPF mantém uma base de dados idêntica que descreve a topologia do Sistema Autônomo, utilizada para a construção de uma árvore de caminhos mais curtos. O estado das conexões é atualizado através do envio de mensagens LSA (Link-State Advertisements) a todos os outros roteadores em uma mesma área hierárquica. Na RFC 2328 encontra-se a definição do OSPFv2, versão utilizada com IPv4. O OSPFv3, utilizado com o IPv6, é definido na RFC 5340.</texto>
		<texto><B><I>Overhead:</I></B> Recurso ou gasto extra utilizado para executar uma determinada tarefa, como processamento, memória, largura de banda, etc. Frequentemente causa uma piora no desempenho da tarefa que sofreu overhead.</texto>
	</resource>
	<resource id="14" title="P">
		<texto><B>P2P <I>(Peer-to-Peer):</I></B> Arquitetura de rede distribuída, caracterizada pela descentralização das funções na rede. No P2P os participantes compartilham parte de seus recursos de hardware, utilizados para prover serviços e conteúdo como compartilhamento de arquivos ou espaços de trabalho para colaborativo, sem necessidade de passar por nenhuma entidade intermediária.</texto>
		<texto><B>Pacote de dados:</B> Cada uma das partes em que é dividida uma informação que irá trafegar através da rede. Um pacote é formado por um cabeçalho, contendo informações que permitam o encaminhamento do pacote através da rede até seu destino, seguido dos dados principais.</texto>
		<texto><B><I>Path MTU:</I></B> Menor valor de MTU existente ao longo do caminho da fonte até o destino do pacote.</texto>
		<texto><B><I>Path MTU Discovery:</I></B> Protocolo descrito na RFC 1191, que descobre de forma dinâmica qual o tamanho máximo permitido ao pacote a ser enviado, de modo que este não precise ser fragmentado ao longo do caminho até o destino, identificando previamente os MTUs de cada enlace.</texto>
		<texto><B>Pilha Dupla:</B> Mecanismo de transição que permite manter simultaneamente em um dispositivo, tanto a pilha do protocolo IPv4 quanto ao do IPv6.</texto>		
		<texto><B><I>Proxy:</I></B> Servidor que atua como intermediário entre um cliente e outro servidor. Normalmente é utilizado em empresas para aumentar a desempenho de acesso a determinados serviços ou permitir que mais de uma máquina se conecte à Internet.</texto>
	</resource>
</organization>