<?xml version="1.0" encoding="UTF-8"?>
<organization name="Cilindros de Gás Comprimido">
	<resource id="1" title="#">
		<texto><B>6in4:</B> Processo de encapsulamento, identificado como protocolo do tipo 41, em que pacotes IPv6 são encapsulados no interior de pacotes IPv4.</texto>
		<texto><B>6to4:</B> Definido na RFC 3056, este mecanismo de tunelamento permite a comunicação entre redes IPv6 através de uma infraestrutura IPv4.</texto>
	</resource>
	<resource id="2" title="A">
		<texto><B>ADSL <I>(Asymmetric Digital Subscriber Line):</I></B> Formato de conexão DSL que tem por característica o fato de que a velocidade de <I>upload</I> é menor do que a de <I>download.</I></texto>
		<texto><B>ALG <I>(Application Layer Gateway):</I></B> Mecanismo utilizado na comunicação entre aplicações, traduzindo endereços IP contidos na carga útil de um pacote. A definição deste termo é encontrada na RFC 2663.</texto>
		<texto><B>Análise de tráfego:</B> Consiste no registro e monitoramento dos dados transmitidos em uma rede, a partir da captura do tráfego via <I>software</I> ou <I>hardware.</I> Esta técnica pode ser utilizada com propósitos maliciosos, como obtenção de arquivos confidenciais ou de senhas.</texto>
		<texto><B>API <I>(Aplication Program Interface):</I></B> Conjunto de rotinas, estruturas de dados, classes de objetos, protocolos fornecidos por bibliotecas e/ou serviços do Sistema Operacional, utilizados no desenvolvimento de aplicativos.</texto>
		<texto><B>ARP <I>(Address Resolution Protocol):</I></B> Definido na RFC 826, este protocolo é utilizado para mapear de forma dinâmica, um endereço IPv4 a um endereço físico de <I>hardware</I> (MAC).</texto>
		<texto><B>Arquitetura fim-a-fim:</B> Comunicação exclusiva entre o nó de origem e o nó de destino.</texto>
		<texto><B>AH <I>(Authentication Header):</I></B> Definido pela RFC 4302, este cabeçalho é utilizado para garantir a integridade dos dados e a autenticação da origem de pacotes IP, além de assegurar que a mesma mensagem não seja entregue várias vezes.</texto>
		<texto><B>AS <I>(Autonomous System):</I></B> Veja <B>Sistema autônomo.</B></texto>
	</resource>
	<resource id="3" title="B">
		<texto><B>BIA <I>(Bump in the API)‏:</I></B> Técnica definida na RFC 3338, permite a comunicação de aplicações IPv4 com <I>hosts</I> IPv6, traduzindo APIs IPv4 em APIs IPv6 e vice-versa, sem a necessidade de tradução do cabeçalho IP.</texto>
		<texto><B>BIS <I>(Bump in the Stack):</I></B> Técnica definida na RFC 2767, permite que aplicações rodando em ambientes IPv4 comuniquem-se com nós IPv6, mapeando o endereço IPv6 com o qual quer se comunicar a um endereço IPv4, e traduzindo os cabeçalhos IP.</texto>
		<texto><B>BGP <I>(Border Gateway Protocol):</I></B> Protocolo de roteamento externo definido na RFC 4271, é utilizado na troca de mensagens entre Sistemas Autônomos distintos, com informações sobre a acessibilidade da rede que servem para atualizar a tabela de roteamento.</texto>
		<texto><B>Br6Bone:</B> <I>Backbone</I> IPv6 brasileiro que era mantido pela RNP (Rede Nacional de Ensino e Pesquisa) , como parte do projeto 6Bone coordenado pelo grupo NGTrans da IETF. O 6Bone tinha o intuito de auxiliar na evolução, no desenvolvimento e no aperfeiçoamento do IPv6. Outras informações sobre este projeto podem ser encontradas em <a href="http://go6.net/ipv6-6bone/">http://go6.net/ipv6-6bone/</a></texto>
		<texto><B><I>Broadcast:</I></B> Endereço IP utilizado para enviar a mesma informação para todos os <I>hosts</I> conectados a uma rede, cujo padrão é definido na RFC 919. Este tipo de endereço não é utilizado no IPv6.</texto>
	</resource>
	<resource id="4" title="C">
		<texto><B><I>Cable Modem:</I></B><I> Modem</I> projetado para operar sobre linhas de TV a cabo.</texto>
		<texto><B>Camada de enlace:</B> Segunda camada no modelo de referência TCP/IP, é responsável pela transferência confiável de dados entre as camadas de rede de nós conectados diretamente por um meio físico, detectando, e possivelmente corrigindo, erros que possam ocorrer neste meio, além de controlar o fluxo dos pacotes.</texto>
		<texto><B>Camada de transporte:</B> Posicionada entre a camada de aplicação e a camada de rede no modelo de referência TCP/IP, visa proporcionar um transporte de dados confiável, eficiente e econômico, diretamente entre a aplicação de origem e a de destino, não se comunicando com nós intermediários da rede, como pode ocorrer com as camadas inferiores. Seus principais protocolos são: TCP <I>(Transmission Control Protocol),</I> classificado como orientado à conexão; e UDP <I>(User Datagram Protocol)</I>, classificado como não-orientado à conexão. Os dados da camada de transporte são repassados para a camada de rede, que é a responsável por encaminhá-los ao destino final.</texto>
		<texto><B>Cavalos de Tróia:</B> Programa, normalmente recebido como um "presente" (por exemplo, cartão virtual, álbum de fotos, protetor de tela, jogo, etc), que além de executar funções para as quais foi aparentemente projetado, também executa outras funções normalmente maliciosas e sem o conhecimento do usuário.</texto>
		<texto><B>CIDR <I>(Classless Inter-domain Routing):</I></B> Estratégia de atribuição de endereços IP, definida na RFC 4632, que permite alocar blocos de endereços de acordo com a necessidade de cada rede. Eliminou o sistema de classes, que delegava blocos de tamanhos fixos para cada rede, o que gerava um grande desperdício de endereços.</texto>
		<texto><B>Classes de Endereços:</B> Na definição original do IPv4, na RFC 791, foram definidas três classes principais de endereços. Na primeira classe de endereços, Classe A, o bit mais significativo é 0, os sete bits restantes do primeiro octeto identificam a rede, e os 24 bits restantes identificam o <I>host</I>. Os endereços de Classe B usam dezesseis bits para identificar a rede e dezesseis para o <I>host</I>. Os endereços de Classe C utilizam vinte e quatro bits para identificar a rede e oito para o <I>host</I>. No entanto, este tipo de classificação mostrou-se ineficiente, devido ao desperdício de milhões de endereços, principalmente nas Classes A e B.</texto>
		<texto><B>Conexão Discada:</B> Forma de acesso à Internet via linha telefônica, também conhecida como <I>dial-up.</I></texto>
	</resource>
	<resource id="5" title="D">
		<texto><B>Datagrama:</B> Entidade de dados completa e independente que contém informações suficientes para ser roteada da origem ao destino sem precisar confiar em permutas anteriores entre essa fonte, a máquina de destino e a rede de transporte. É formado por um cabeçalho e uma área de dados.</texto>
		<texto><B>Descoberta de Vizinhança:</B> Protocolo utilizado por dispositivos IPv6 para descobrir a presença de outros dispositivos no mesmo enlace, seus endereços MAC, localizar roteadores e mater informações sobre a acessibilidade de seus vizinhos. Sua definição encontra-se na RFC 4861.</texto>
		<texto><B>DHCP <I>(Dynamic Host Configuration Protocol):</I></B> Definido na RFC 2131, este protocolo, baseado no modelo cliente-servidor, consiste de dois componentes: um para o envio de parâmetros de configuração aos <I>hosts</I>; e outro para alocação dinâmica de endereços.</texto>
		<texto><B>Dígito hexadecimal:</B> O sistema de numeração hexadecimal, é um sistema de base 16, isto é, possui 16 algarismos disponível para representação (0, 1, 2, 3, 4, 5, 6, 7, 8, 9, A, B, C, D, E e F). Este sistema tem sido muito utilizado na área da informática visto que com  apenas dois dígitos hexadecimais é possível representar 2 Bytes, ou seja, cada dígito hexadecimal corresponde a um grupo de 4 bits.</texto>
		<texto><B>DNS <I>(Domain Name System):</I></B> Serviço que traduz nomes de domínios para endereços IP e vice-versa, cujas especificações e implementações encontram-se na RFC 1035.</texto>
		<texto><B>DoS <I>(Denial of Service):</I></B> Veja <B>Negação de serviço.</B></texto>
		<texto><B>DSL <I>(Digital Subscriber Line):</I></B> Tecnologia digital que permite a utilização das linhas telefônicas para transmissão de dados em velocidades maiores que as permitidas por um modem convencional.</texto>
		<texto><B><I>Dual Stack:</I></B> Veja <B>Pilha Dupla.</B></texto>
	</resource>	
	<resource id="6" title="E">
		<texto><B><I>ESP (Encapsulating Security Payload):</I></B> Descrito na RFC 4303, este cabeçalho é responsável por proporcionar a integridade da conexão, garantindo que somente os destinatários autorizados tenham acesso ao conteúdo do pacote. O ESP faz parte do framework de segurança IPSec e pode ser utilizado em conjunto o cabeçalho AH.</texto>
		<texto><B>Endereço MAC (<I>Media Access Control</I>):</B> Endereço de hardware utilizado para identificar unicamente cada dispositivo de uma rede.</texto>
		<texto><P><B>Endereços privados:</B> Definidos pela RFC 1918, estes endereços IP possibilitam a conectividade entre todos os <I>hosts</I> dentro de uma mesma rede corporativa, não sendo válidos na Internet pública, isto é, um pacote que tenha como origem ou destino um endereço privado, não será encaminhado pelos roteadores. Os endereços privados podem ser utilizados junto com NAT para fornecer acesso à Internet a vários computadores usando uma pequena quantidade (ou apenas um) de endereços IP públicos. Os blocos de endereços reservados pela IANA para a utilização em redes privadas são os seguintes:</P><br/><br/><P align="center">10.0.0.0 - 10.255.255.255 (prefixo 10/8)</P><br/><P align="center">172.16.0.0 - 172.31.255.255 (prefixo 172.16/12)</P><br/><P align="center">192.168.0.0 - 192.168.255.255 (prefixo 192.168/16)</P></texto>
		<texto><B>Enlace –</B> Canal de comunicação ou via de transmissão que conecta nós adjacentes.</texto>
	</resource>
	<resource id="7" title="F">
		<texto><B>Falsificação de endereços:</B> Forma de ataque em que uma pessoa ou programa consegue se fazer passar por outra, mascarando pacotes IP utilizando endereços de remetentes falsificados.</texto>
		<texto><B><I>Firewalls:</I></B> Dispositivo constituído pela combinação de <I>software</I> e <I>hardware</I>, utilizado para dividir e controlar o acesso entre redes de computadores.</texto>
		<texto><B><I>Framework:</I></B> Conjunto de recursos ou ferramentas utilizadas para solucionar problemas de uma área específica.</texto>
		<texto><B>FTP (<I>File Transfer Protocol</I>):</B> Protocolo definido na RFC 959, que permite a transferência remota de arquivos de forma eficiente e confiável.</texto>
	</resource>
	<resource id="8" title="G">
		<texto><B><I>Gateway:</I></B> Dispositivo que liga duas redes distintas.</texto>
		<texto><B>GRE (<I>Generic Routing Encapsulation</I>):</B> Protocolo de tunelamento capaz de encapsular uma ampla variedade de protocolos, criando um link ponto-a-ponto sobre redes IP. Seu funcionamento é definido pela RFC 2784.</texto>
	</resource>
	<resource id="9" title="H">
		<texto><B><I>Host:</I></B> qualquer nó de uma rede que não seja um roteador.</texto>
	</resource>
</organization>