<?xml version="1.0" encoding="UTF-8"?>
<organization name="Cilindros de Gás Comprimido">
	<resource id="1" title="#">
		<texto><B>6in4:</B> Processo de encapsulamento, identificado como protocolo do tipo 41, em que pacotes IPv6 são encapsulados no interior de pacotes IPv4.</texto>
		<texto><B>6to4:</B> Definido na RFC 3056, este mecanismo de tunelamento permite a comunicação entre redes IPv6 através de uma infraestrutura IPv4.</texto>
	</resource>
	<resource id="2" title="A">
		<texto><B>ADSL <I>(Asymmetric Digital Subscriber Line):</I></B> Formato de conexão DSL que tem por característica o fato de que a velocidade de <I>upload</I> é menor do que a de <I>download.</I></texto>
		<texto><B>ALG <I>(Application Layer Gateway):</I></B> Mecanismo utilizado na comunicação entre aplicações, traduzindo endereços IP contidos na carga útil de um pacote. A definição deste termo é encontrada na RFC 2663.</texto>
		<texto><B>Análise de tráfego:</B> Consiste no registro e monitoramento dos dados transmitidos em uma rede, a partir da captura do tráfego via <I>software</I> ou <I>hardware.</I> Esta técnica pode ser utilizada com propósitos maliciosos, como obtenção de arquivos confidenciais ou de senhas.</texto>
		<texto><B>API <I>(Aplication Program Interface):</I></B> Conjunto de rotinas, estruturas de dados, classes de objetos, protocolos fornecidos por bibliotecas e/ou serviços do Sistema Operacional, utilizados no desenvolvimento de aplicativos.</texto>
		<texto><B>ARP <I>(Address Resolution Protocol):</I></B> Definido na RFC 826, este protocolo é utilizado para mapear de forma dinâmica, um endereço IPv4 a um endereço físico de <I>hardware</I> (MAC).</texto>
		<texto><B>Arquitetura fim-a-fim:</B> Comunicação exclusiva entre o nó de origem e o nó de destino.</texto>
		<texto><B>AH <I>(Authentication Header):</I></B> Definido pela RFC 4302, este cabeçalho é utilizado para garantir a integridade dos dados e a autenticação da origem de pacotes IP, além de assegurar que a mesma mensagem não seja entregue várias vezes.</texto>
		<texto><B>AS <I>(Autonomous System):</I></B> Veja <B>Sistema autônomo.</B></texto>
	</resource>
	<resource id="3" title="B">
		<texto><B>BIA <I>(Bump in the API)‏:</I></B> Técnica definida na RFC 3338, permite a comunicação de aplicações IPv4 com <I>hosts</I> IPv6, traduzindo APIs IPv4 em APIs IPv6 e vice-versa, sem a necessidade de tradução do cabeçalho IP.</texto>
		<texto><B>BIS <I>(Bump in the Stack):</I></B> Técnica definida na RFC 2767, permite que aplicações rodando em ambientes IPv4 comuniquem-se com nós IPv6, mapeando o endereço IPv6 com o qual quer se comunicar a um endereço IPv4, e traduzindo os cabeçalhos IP.</texto>
		<texto><B>BGP <I>(Border Gateway Protocol):</I></B> Protocolo de roteamento externo definido na RFC 4271, é utilizado na troca de mensagens entre Sistemas Autônomos distintos, com informações sobre a acessibilidade da rede que servem para atualizar a tabela de roteamento.</texto>
		<texto><B>Br6Bone:</B> <I>Backbone</I> IPv6 brasileiro que era mantido pela RNP (Rede Nacional de Ensino e Pesquisa) , como parte do projeto 6Bone coordenado pelo grupo NGTrans da IETF. O 6Bone tinha o intuito de auxiliar na evolução, no desenvolvimento e no aperfeiçoamento do IPv6. Outras informações sobre este projeto podem ser encontradas em <a href="http://go6.net/ipv6-6bone/">http://go6.net/ipv6-6bone/</a></texto>
		<texto><B><I>Broadcast:</I></B> Endereço IP utilizado para enviar a mesma informação para todos os <I>hosts</I> conectados a uma rede, cujo padrão é definido na RFC 919. Este tipo de endereço não é utilizado no IPv6.</texto>
	</resource>
	<resource id="4" title="C">
		<texto><B><I>Cable Modem:</I></B><I> Modem</I> projetado para operar sobre linhas de TV a cabo.</texto>
		<texto><B>Camada de enlace:</B> Segunda camada no modelo de referência TCP/IP, é responsável pela transferência confiável de dados entre as camadas de rede de nós conectados diretamente por um meio físico, detectando, e possivelmente corrigindo, erros que possam ocorrer neste meio, além de controlar o fluxo dos pacotes.</texto>
		<texto><B>Camada de transporte:</B> Posicionada entre a camada de aplicação e a camada de rede no modelo de referência TCP/IP, visa proporcionar um transporte de dados confiável, eficiente e econômico, diretamente entre a aplicação de origem e a de destino, não se comunicando com nós intermediários da rede, como pode ocorrer com as camadas inferiores. Seus principais protocolos são: TCP <I>(Transmission Control Protocol),</I> classificado como orientado à conexão; e UDP <I>(User Datagram Protocol)</I>, classificado como não-orientado à conexão. Os dados da camada de transporte são repassados para a camada de rede, que é a responsável por encaminhá-los ao destino final.</texto>
		<texto><B>Cavalos de Tróia:</B> Programa, normalmente recebido como um "presente" (por exemplo, cartão virtual, álbum de fotos, protetor de tela, jogo, etc), que além de executar funções para as quais foi aparentemente projetado, também executa outras funções normalmente maliciosas e sem o conhecimento do usuário.</texto>
		<texto><B>CIDR <I>(Classless Inter-domain Routing):</I></B> Estratégia de atribuição de endereços IP, definida na RFC 4632, que permite alocar blocos de endereços de acordo com a necessidade de cada rede. Eliminou o sistema de classes, que delegava blocos de tamanhos fixos para cada rede, o que gerava um grande desperdício de endereços.</texto>
		<texto><B>Classes de Endereços:</B> Na definição original do IPv4, na RFC 791, foram definidas três classes principais de endereços. Na primeira classe de endereços, Classe A, o bit mais significativo é 0, os sete bits restantes do primeiro octeto identificam a rede, e os 24 bits restantes identificam o <I>host</I>. Os endereços de Classe B usam dezesseis bits para identificar a rede e dezesseis para o <I>host</I>. Os endereços de Classe C utilizam vinte e quatro bits para identificar a rede e oito para o <I>host</I>. No entanto, este tipo de classificação mostrou-se ineficiente, devido ao desperdício de milhões de endereços, principalmente nas Classes A e B.</texto>
		<texto><B>Conexão Discada:</B> Forma de acesso à Internet via linha telefônica, também conhecida como <I>dial-up.</I></texto>
	</resource>
	<resource id="5" title="D">
		<texto><B>Datagrama:</B> Entidade de dados completa e independente que contém informações suficientes para ser roteada da origem ao destino sem precisar confiar em permutas anteriores entre essa fonte, a máquina de destino e a rede de transporte. É formado por um cabeçalho e uma área de dados.</texto>
		<texto><B>Descoberta de Vizinhança:</B> Protocolo utilizado por dispositivos IPv6 para descobrir a presença de outros dispositivos no mesmo enlace, seus endereços MAC, localizar roteadores e mater informações sobre a acessibilidade de seus vizinhos. Sua definição encontra-se na RFC 4861.</texto>
		<texto><B>DHCP <I>(Dynamic Host Configuration Protocol):</I></B> Definido na RFC 2131, este protocolo, baseado no modelo cliente-servidor, consiste de dois componentes: um para o envio de parâmetros de configuração aos <I>hosts</I>; e outro para alocação dinâmica de endereços.</texto>
		<texto><B>Dígito hexadecimal:</B> O sistema de numeração hexadecimal, é um sistema de base 16, isto é, possui 16 algarismos disponível para representação (0, 1, 2, 3, 4, 5, 6, 7, 8, 9, A, B, C, D, E e F). Este sistema tem sido muito utilizado na área da informática visto que com  apenas dois dígitos hexadecimais é possível representar 2 Bytes, ou seja, cada dígito hexadecimal corresponde a um grupo de 4 bits.</texto>
		<texto><B>DNS <I>(Domain Name System):</I></B> Serviço que traduz nomes de domínios para endereços IP e vice-versa, cujas especificações e implementações encontram-se na RFC 1035.</texto>
		<texto><B>DoS <I>(Denial of Service):</I></B> Veja <B>Negação de serviço.</B></texto>
		<texto><B>DSL <I>(Digital Subscriber Line):</I></B> Tecnologia digital que permite a utilização das linhas telefônicas para transmissão de dados em velocidades maiores que as permitidas por um modem convencional.</texto>
		<texto><B><I>Dual Stack:</I></B> Veja <B>Pilha Dupla.</B></texto>
	</resource>	
	<resource id="6" title="E">
		<texto><B><I>ESP (Encapsulating Security Payload):</I></B> Descrito na RFC 4303, este cabeçalho é responsável por proporcionar a integridade da conexão, garantindo que somente os destinatários autorizados tenham acesso ao conteúdo do pacote. O ESP faz parte do framework de segurança IPSec e pode ser utilizado em conjunto o cabeçalho AH.</texto>
		<texto><B>Endereço MAC (<I>Media Access Control</I>):</B> Endereço de hardware utilizado para identificar unicamente cada dispositivo de uma rede.</texto>
		<texto><P><B>Endereços privados:</B> Definidos pela RFC 1918, estes endereços IP possibilitam a conectividade entre todos os <I>hosts</I> dentro de uma mesma rede corporativa, não sendo válidos na Internet pública, isto é, um pacote que tenha como origem ou destino um endereço privado, não será encaminhado pelos roteadores. Os endereços privados podem ser utilizados junto com NAT para fornecer acesso à Internet a vários computadores usando uma pequena quantidade (ou apenas um) de endereços IP públicos. Os blocos de endereços reservados pela IANA para a utilização em redes privadas são os seguintes:</P><br/><br/><P align="center">10.0.0.0 - 10.255.255.255 (prefixo 10/8)</P><br/><P align="center">172.16.0.0 - 172.31.255.255 (prefixo 172.16/12)</P><br/><P align="center">192.168.0.0 - 192.168.255.255 (prefixo 192.168/16)</P></texto>
		<texto><B>Enlace –</B> Canal de comunicação ou via de transmissão que conecta nós adjacentes.</texto>
	</resource>
	<resource id="7" title="F">
		<texto><B>Falsificação de endereços:</B> Forma de ataque em que uma pessoa ou programa consegue se fazer passar por outra, mascarando pacotes IP utilizando endereços de remetentes falsificados.</texto>
		<texto><B><I>Firewalls:</I></B> Dispositivo constituído pela combinação de <I>software</I> e <I>hardware</I>, utilizado para dividir e controlar o acesso entre redes de computadores.</texto>
		<texto><B><I>Framework:</I></B> Conjunto de recursos ou ferramentas utilizadas para solucionar problemas de uma área específica.</texto>
		<texto><B>FTP (<I>File Transfer Protocol</I>):</B> Protocolo definido na RFC 959, que permite a transferência remota de arquivos de forma eficiente e confiável.</texto>
	</resource>
	<resource id="8" title="G">
		<texto><B><I>Gateway:</I></B> Dispositivo que liga duas redes distintas.</texto>
		<texto><B>GRE (<I>Generic Routing Encapsulation</I>):</B> Protocolo de tunelamento capaz de encapsular uma ampla variedade de protocolos, criando um link ponto-a-ponto sobre redes IP. Seu funcionamento é definido pela RFC 2784.</texto>
	</resource>
	<resource id="9" title="H">
		<texto><B><I>Host:</I></B> qualquer nó de uma rede que não seja um roteador.</texto>
	</resource>
	<resource id="10" title="I">
		<texto><B>ICMP (<I>Internet Control Message Protocol</I>):</B> Parte integrante do protocolo IP, o ICMP foi definido na RFC 792 e é utilizado para diagnosticar falhas no encaminhamento e processamento dos pacotes de dados, a partir de troca de mensagens. O ICMPv6, definido na RFC 4884, é a versão utilizada com o IPv6, e além das funções de diagnóstico,  passou a realizar também, funções de configuração de rede (Protocolo Descoberta de Vizinhança), gerenciamento de grupos <I>multicast</I>, e na implementação de  funções de suporte a mobilidade, etc.</texto>
		<texto><B>IGMP (<I>Internet Group Management Protocol</I>):</B> Protocolo definido na RFC  utilizado no IPv4 para gerenciar os grupos <I>multicast</I>, controlando a entrada e a saída de <I>hosts</I> destes grupos. No IPv6, suas funções são atribuídas ao protocolo ICMPv6.</texto>
		<texto><B>Interface:</B> Dispositivo físico que permite que duas ou mais unidades sejam interligadas num sistema padrão de comunicação, permitindo a transferência de dados entre eles.</texto>
		<texto><B>IS-IS (<I>Intermediate System to Intermediate System</I>):</B> Protocolo de roteamento interno definido na  RFC 1142, é um protocolo do tipo link-state que utiliza o algorítimo de Dijkstra para calcular o melhor caminho através da rede. Possui como principal característica, o fato de fornecer interconexão de redes em ambientes multiprotocolos. As definições para sua utilização com o protocolo IPv6 encontram-se na RFC 5308.</texto>
		<texto><B>IKE (<I>Internet Key Exchange</I>):</B> Componente do IPSec utilizado no gerenciamento de chaves, é responsável por estabelecer e manter associações de segurança. Definido na RFC 4306, agrupa funcionalidades dos protocolos ISAKMP e Oakley.</texto>
		<texto><B>IP (<I>Internet Protocol</I>):</B> Protocolo da camada de rede, projetado para permitir a  transmissão de blocos de dados, chamado de datagramas, de uma fonte até um destinos, onde a fonte e o destino são <I>hosts</I> identificados por endereços de  tamanho fixo. Este protocolo também permite a fragmentação e a remontagem de datagramas longos, transmitindo os dados através de "pequenos pacotes", quando necessário.</texto>
		<texto><B>IPFIX (<I>IP Flow Information Export</I>):</B> Protocolo definido na RFC 5101, é utilizado no gerenciamento de redes de computadores, por permitir a coleta e o acesso a informações sobre fluxos de dados IP.</texto>
		<texto><B>IPSec (<I>Internet Protocol Security</I>):</B> Arquitetura definida na RFC 4301, projetada para fornecer um conjunto dos serviços de segurança que inclui controle de acesso, integridade não orientada à conexão, autenticação da origem dos dados e confidencialidade (através de criptografia).</texto>
		<texto><B>IPv4 (<I>Internet Protocol version 4</I>):</B> Versão do protocolo IP mais utilizada atualmente na comunicação em redes de computadores, foi definido na RFC 791, quando a Internet era uma rede puramente acadêmica. Com um espaço para endereçamento de 32 bits, seu projeto inicial não previu o crescimento exponencial da Internet e o número cada vez maior de dispositivos conectados a ela. Desta forma, surgiram alguns aspectos como, o esgotamento dos endereços IP disponíveis, o crescimento da tabela de roteamento, além de questões relacionadas a segurança e qualidade de serviço, que motivaram a IETF, no início dos anos 90, a iniciar a discussão sobre a nova geração do protocolo IP, levando ao desenvolvimento do IPv6.</texto>
		<texto><B>IPv6 (<I>Internet Protocol version 6</I>):</B> Definida na RFC 2460, a versão 6 do protocolo IP, além de possuir um espaço de endereçamento muito maior, de 128 bits, busca trazer algumas melhorias em relação ao IPv4, como cabeçalho simplificado e aprimorado, autoconfiguração de endereços, maior segurança, identificação do fluxo de dados garantindo a qualidade de serviço, entre outras.</texto>
		<texto><B>ISATAP (<I>Intra-Site Automatic Tunnel Addressing Protocol</I>):</B> Mecanismo de transição, definido na RFC 5214, desenvolvido para conectar nós Pilha Dupla através de uma rede IPv4, encapsulando os pacotes IPv6 em pacotes IPv4.</texto>
		<texto><B>ISP (<I>Internet Service Provider</I>):</B> Empresa que fornece acesso à Internet, geralmente   mediante o pagamento de uma taxa, além de serviços adicionais, como contas de email, hospedagem de sítios web, etc.</texto>
	</resource>
	<resource id="11" title="M">
		<texto><B><I>Man-in-the-Middle:</I></B> Forma de ataque em que o invasor coloca-se entre a fonte o receptor dos dados, sendo capaz de ler, inserir e modificar mensagens interceptadas, sem que nenhum dos lados saiba que a sessão entre eles está comprometida.</texto>
		<texto><B>MTU (<I>Maximum Transmission Unit</I>):</B> Tamanho máximo de um pacote de dados que pode ser transmitido em uma rede física. Esta limitação é definida de acordo com o protocolo de enlace utilizado.</texto>
		<texto><B>Mecanismos de transição:</B> Conjunto de mecanismos executados nos <I>hosts</I> e roteadores, projetados para facilitar a transição da Internet para o novo protocolo IP, assegurando que dispositivos rodando IPv6 ou IPv4, ou com ambos, possam se comunicar evitando o surgimento de ilhas de comunicação isoladas.</texto>
		<texto><B>MIB (<I>Management Information Base</I>):</B> Elemento chave de sistemas de gerenciamento SNMP, a MIB é o conjunto dos objetos gerenciados, que define as variáveis necessárias para a gerência da rede. As regras de construção das estruturas da MIB são descritas através da SMI (Structure of Management Information) que define como os objetos gerenciados são nomeados e especifica sua sintaxe. As definições da MIB encontram-se na RFC 1213.</texto>
		<texto><B><I>Modem:</I></B> Dispositivo que permite o envio e recebimento de dados utilizando as linhas telefônicas. </texto>
		<texto><B>MBGP (<I>Multiprotocol Border Gateway Protocol</I>):</B> Extensões do protocolo de roteamento externo BGP, que lhe permite encaminhar pacotes através de vários protocolos da camada de rede como IPv6, IPX, L3VPN, etc. Suas especificações encontram-se na RFC 4760.</texto>
	</resource>
	<resource id="12" title="N">
		<texto><B>NAT (<I>Network Address Translation</I>):</B> Técnica definida na RFC 3022, utilizada para permitir a conexão de computadores de uma rede privada com a Internet. Seu funcionamento consiste em mapear o IP privado e a porta local do computador a um número de 16 bits, gravado em  uma tabela hash, que será usado como porta de origem do pacote a ser enviado. O endereço IP de origem do pacote será o endereço global do gateway NAT. Quando o gateway NAT receber uma resposta a este pacote, é realizada a operação inversa, buscando na tabela hash a entrada que corresponde aos bits do campo  porta de destino, encaminhando o pacote é para o computador correto dentro da rede privada.</texto>
		<texto><B>Negação de serviço:</B> Atividade maliciosa onde o atacante utiliza um computador para tirar de operação um serviço ou computador conectado à Internet.</texto>
		<texto><B><I>Neighbour Discovery:</I></B> Veja <B>Descoberta de vizinhança</B>.</texto>
		<texto><B>NetFlow 9:</B> Ferramenta para monitoramento de redes desenvolvida pela CISCO Systems, que possibilita coletar informações sobre fluxos de dados IP. Suas especificações podem ser encontradas na RFC 3954, e tem sido utilizada como base para o protocolo IPFIX, proposto pelo IETF.</texto>
		<texto><B>Nó(s):</B> Todos os dispositivos de uma rede, computadores, roteadores, etc.</texto>
		<texto><B>NTP (<I>Network Time Protocol</I>):</B> Definido na RFC 1305, este protocolo permite a sincronização dos relógios dos dispositivos de uma rede (servidores, estações de trabalho, roteadores e outros equipamentos) com uma referência de tempo. Com sua utilização, é possível que os relógios sejam sincronizados com exatidão da ordem de centenas de microssegundos numa rede local, a de alguns milissegundos numa WAN ou na Internet.</texto>
	</resource>
	<resource id="13" title="O">
		<texto><B>OSPF (<I>Open Shortest Path First</I>):</B> Protocolo de roteamento interno do tipo link-state, baseado no algoritmo de Dijkstra. Cada roteador OSPF mantém uma base de dados idêntica que descreve a topologia do Sistema Autônomo, utilizada para a construção de uma árvore de caminhos mais curtos. O estado das conexões é atualizado através do envio de mensagens LSA (Link-State Advertisements) a todos os outros roteadores em uma mesma área hierárquica. Na RFC 2328 encontra-se a definição do OSPFv2, versão utilizada com IPv4. O OSPFv3, utilizado com o IPv6, é definido na RFC 5340.</texto>
		<texto><B><I>Overhead:</I></B> Recurso ou gasto extra utilizado para executar uma determinada tarefa, como processamento, memória, largura de banda, etc. Frequentemente causa uma piora no desempenho da tarefa que sofreu overhead.</texto>
	</resource>
	<resource id="14" title="P">
		<texto><B>P2P (<I>Peer-to-Peer</I>):</B> Arquitetura de rede distribuída, caracterizada pela descentralização das funções na rede. No P2P os participantes compartilham parte de seus recursos de hardware, utilizados para prover serviços e conteúdo como compartilhamento de arquivos ou espaços de trabalho para colaborativo, sem necessidade de passar por nenhuma entidade intermediária.</texto>
		<texto><B>Pacote de dados:</B> Cada uma das partes em que é dividida uma informação que irá trafegar através da rede. Um pacote é formado por um cabeçalho, contendo informações que permitam o encaminhamento do pacote através da rede até seu destino, seguido dos dados principais.</texto>
		<texto><B><I>Path MTU:</I></B> Menor valor de MTU existente ao longo do caminho da fonte até o destino do pacote.</texto>
		<texto><B><I>Path MTU Discovery:</I></B> Protocolo descrito na RFC 1191, que descobre de forma dinâmica qual o tamanho máximo permitido ao pacote a ser enviado, de modo que este não precise ser fragmentado. Ele identifica previamente os MTUs de cada enlace no caminho até o destino.</texto>
		<texto><B>Pilha Dupla:</B> Mecanismo de transição que permite manter simultaneamente em um dispositivo, tanto a pilha do protocolo IPv4 quanto ao do IPv6.</texto>		
		<texto><B><I>Proxy:</B></B> Servidor que atua como intermediário entre um cliente e outro servidor. Normalmente é utilizado em empresas para aumentar a desempenho de acesso a determinados serviços ou permitir que mais de uma máquina se conecte à Internet.</texto>
	</resource>
	<resource id="15" title="Q">
			<texto><B>QoS (<I>Quality of Service</I>):</B> Veja <B>Qualidade de Serviço</B>.<br/><br/>Conjunto de características de um sistema necessário para atingir uma determinada funcionalidade
</texto>
			<texto><B>Qualidade de Serviço:</B> Conjunto de parâmetros necessários para que um determinado serviço possa ser executado com eficiência. Algumas aplicações como VoIP, transmissão de áudio e vídeo de alta qualidade, videoconferência, jogos on-line, entre outras, dependem da qualidade de parâmetros como tempo de atraso e perda de pacotes, e velocidade média da conexão, para que funcionem de forma satisfatória.</texto>
		</resource>
		<resource id="16" title="R">
			<texto><B>RARP (<I>Reverse Address Resolution Protocol</I>):</B> Protocolo definido na RFC 903 utilizado por dispositivos de rede para obtenção de endereço IP, junto a um servidor RARP, a partir do endereço MAC.</texto>
			<texto><B>Rede 3G:</B> Rede de telefonia móvel de terceira geração que permite às operadoras oferecer aos sues clientes uma ampla gama de serviços, entre eles Internet sem fio de alta velocidade.</texto>
			<texto><B>RFC (<I>Request for Comments</I>):</B> documentos técnicos e organizacionais sobre a Internet, que incluem as especificações técnicas e políticas produzidas pela Internet Engineering Task Force (IETF).</texto>
			<texto><B>Roteador</B> Equipamento que processa e direciona pacotes de dados de uma rede local ou remota para outra, de acordo com o endereço IP de cada pacote.</texto>
			<texto><B>RIP (<I>Routing Information Protocol</I>):</B> Protocolo de roteamento interno baseado no algorítimo de vetor de distâncias Bellman-Ford. Em seu funcionamento, cada roteador envia sua tabela de roteamento a todos roteadores da rede a cada 30 segundos, ou imediatamente caso haja alguma mudança. O RIP utiliza como métrica de distância o número de saltos até o destino final, limitando essa quantidade a 15 saltos, 16 saltos representa infinito, ou seja, o nó é inacessível. A RFC 2453 apresenta a definição do RIPv2 (RIP Version 2) utilizada com o protocolo IPv4. O RIPng (RIP next generation), utilizado com o IPv6, tem sua definições apresentada na RFC 2080.</texto>
			<texto><B>RSVP (<I>Resource ReSerVation Protocol</I>):</B> Protocolo definido na RFC 2205 utilizado por <I>hosts</I> para solicitar recursos específicos da rede para determinada aplicação, ou fluxo. O RSVP também é usado por roteadores para garantir QoS a todos nós, ao longo do caminho de um  fluxo de dados.</texto>
		</resource>
		<resource id="17" title="S">
			<texto><B><I>Scanning:</I></B> Veja Varredura de endereços.</texto>
			<texto><B>SEND (<I>Secure Neighbor Discovery</I>):</B> Mecanismo de segurança para o protocolo de Descoberta de Vizinhança definido na RFC 3971, independente do uso de IPSec e sem a necessidade de configuração manual de endereços.</texto>
			<texto><B>SIIT (<I>Stateless IP/ICMP Translation</I>):</B> Mecanismo de transição que atua traduzindo cabeçalhos dos pacotes IPv4 em IPv6 e vice-versa. Suas especificações encontram-se na RFC 2765.</texto>
			<texto><B>Sistema Autônomo:</B> Conjunto de redes regido por uma única administração, ou seja possui uma clara e única política de roteamento.</texto>
			<texto><B>Sistema Operacional:</B> Programa ou conjunto de programas que controla a execução de aplicativos, a entrada e saída de informações(dados), a alocação de recursos (memória, disco, periféricos) e o gerenciamento de dados de um computador.</texto>
			<texto><B><I>Sniffing</I>:</B> Veja <B>Análise de tráfego</B>.</texto>
			<texto><B>SNMP (<I>Simple Network Management Protocol</I>):</B> Protocolo de gerenciamento de redes utilizado para monitoramento e controle de hardwares e softwares. O sistema do SNMP é composto por Gerentes, responsáveis por requisitar as informações aos dispositivos gerenciados, e por Agentes, dispositivo com suporte a SNMP onde é executado um software que interage com a estação de gerenciamento.</texto>
			<texto><B>SOCKS64 (<I>Socks-Based IPv6/IPv4 Gateway</I>):</B> Definido na RFC 3089, o SOCKS64 é uma solução bidirecional, permitindo a comunicação entre <I>hosts</I> IPv4 e IPv6, que atua na camada de aplicação. Seu funcionamento baseia-se na utilização de um servidor, que retransmite os dados enviados da origem até o destino final, e na instalação de um software no cliente que intercepte as consultas DNS e estabeleça a conexão como o servidor.</texto>
			<texto><B><I>Spoofing</I>:</B> Veja <B>Falsificação de endereços</B>.</texto>
			<texto><B>SSH (<I>Secure Shell</I>):</B> Protocolo que utiliza criptografia para acesso a um computador remoto, permitindo a execução de comandos, transferência de arquivos, entre outros. Foi definido pela RFC 4251.</texto>
			<texto><B>Switch:</B> Dispositivo utilizado em rede de computadores que filtram e encaminham pacotes entre segmentos de redes locais. Operam na camada de enlace, encaminhando os pacotes de acordo com o endereço MAC de destino.</texto>
		</resource>
		<resource id="18" title="T">
			<texto><B>Tabela de rotas:</B> Veja <B>Tabela de roteamento</B>.</texto>
			<texto><B>Tabelas de roteamento:</B> Lista de destinos, cada um com o prefixo e o comprimento de seu endereço, que serve para o roteador decidir o próximo destino de um pacote .</texto>
			<texto><B>TCP (<I>Transmission Control Protocol</I>):</B> Protocolo da camada de transporte definido na RFC 793. O TCP tem como principais características: ser um protocolo orientado à conexão, porque antes de iniciar a transmissão dos dados, os <I>hosts</I> necessitam de estabelecer uma conexão; fornece um serviço <I>full-duplex</I>, possibilitando a transferência simultânea em ambas as direções; entrega confiável, pois permite recuperar pacotes perdidos, eliminar pacotes duplicados e recuperar dados corrompidos; e a garantia de que os pacotes sejam entregues na ordem.</texto>
			<texto><B>TELNET:</B> Serviço destinado ao acesso e execução de comandos em dispositivos remotos. Suas definições podem ser encontradas na RFC 854.</texto>
			<texto><B>TEREDO:</B> Definido na RFC 4380, este mecanismo de tunelamento permite o trafego de pacotes IPv6 através de NAT, encapsulando os dados IPv6 em pacotes UDP.</texto>
			<texto><B>TFTP (<I>Trivial File Transfer Protocol</I>):</B> Protocolo para transferência de arquivos definido na RFC 1350. Implementado sobre o protocolo UDP, foi desenvolvido para ser pequeno e de fácil implementação, sendo capaz apenas de enviar e receber arquivos de um servidor remoto, não tendo suporte para listar diretórios ou realizar autenticação de usuário, como ocorre com o FTP.</texto>
			<texto><B>Tradução:</B> Mecanismos de transição usados na comunicação entre dispositivos apenas IPv6 com dispositivos apenas IPv4 ou vice-versa, possibilitando um roteamento transparente na troca de pacotes entre esses nós. Podem atuar na tradução de cabeçalhos, nas conversões de endereços, de APIs de programação, ou no tráfego TCP ou UDP.</texto>
			<texto><B>TRT (<I>Transport Relay Translator</I>):</B> definido pela RFC 3142, este mecanismo de transição atua na camada de transporte capturando pacotes TCP/UDP enviados de um <I>host</I> IPv6 para um <I>host</I> IPv4, identificados por um endereço IPv4 mapeado com prefixo IPv6 "falso" pré-determinado, e re-enviando os pacotes através da pilha IPv4.</texto>
			<texto><B>Túneis:</B> Veja <B>Tunelamento</B>.</texto>
			<texto><B>Tunelamento:</B> Mecanismo que permite que duas redes IPv6 distintas, sejam nativas ou baseadas em Pilha Dupla, comuniquem-se através da estrutura da rede IPv4.</texto>
			<texto><B><I>Tunnel Broker:</I></B> Descrita na RFC 3053, essa técnica de tunelamento permite a criação de túneis, gerenciados por um servidor dedicado, que conectem <I>hosts</I> com Pilha Dupla através de uma rede IPv4.</texto>
		</resource>
		<resource id="19" title="U">
			<texto><B>UDP (<I>User Datagram Protocol</I>):</B> Protocolo da camada de transporte definido pela RFC 768, que oferece um serviço não-orientado a conexão e não-confiável, sem garantias de que o pacote seja entregue. No entanto, o transporte dos dados é mais rápido que no TCP.</texto>
		</resource>
		<resource id="20" title="V">
			<texto><B>Varredura de endereços:</B> Técnica utilizada para efetuar varreduras em redes de computadores, com o intuito de identificar quais computadores estão ativos e quais serviços estão sendo disponibilizados por eles. Amplamente utilizado por atacantes para identificar potenciais alvos, pois permite associar possíveis vulnerabilidades aos serviços habilitados em um computador.</texto>
			<texto><B>Videoconferência:</B> Comunicação através da da transmissão simultânea de áudio e vídeo em tempo real, de um computador para outro por meio de uma conexão de Internet, que pode ser realizada ponto-a-ponto ou interligando diversos locais ao mesmo tempo.</texto>
			<texto><B>Vírus:</B> Programa ou parte de um programa de computador, normalmente malicioso, que se propaga infectando, isto é, inserindo cópias de si mesmo e se tornando parte de outros programas e arquivos de um computador. O vírus depende da execução do programa ou arquivo hospedeiro para que possa se tornar ativo e dar continuidade ao processo de infecção. </texto>
			<texto><B>VoIP (<I>Voice over IP</I>):</B> Transporte de voz por meio da Internet ou qualquer outra rede de computadores baseada no protocolo IP.</texto>
			<texto><B>VPN (<I>Virtual Private Network</I>):</B> Rede de comunicação privada construída sobre a infraestrutura de uma rede pública, normalmente a Internet.</texto>
		</resource>
		<resource id="21" title="W">
			<texto><B><I>Worm</I>:</B> Programa capaz de se propagar automaticamente através de redes, enviando cópias de si mesmo de computador para computador. Diferente do vírus, o <I>worm</I> não embute cópias de si mesmo em outros programas ou arquivos e não necessita ser explicitamente executado para se propagar. Sua propagação se dá através da exploração de vulnerabilidades existentes ou falhas na configuração de <I>softwares</I> instalados em computadores.</texto>
		</resource>
	</resource>
</organization>