<?xml version="1.0" encoding="UTF-8"?>
<organization name="Cilindros de Gás Comprimido">
	<resource id="15" title="Q">
			<texto><B>QoS <I>(Quality of Service):</I></B> Veja <B>Qualidade de Serviço.</B></texto>
			<texto><B>Qualidade de Serviço:</B> Conjunto de parâmetros necessários para que um determinado serviço possa ser executado com eficiência. Algumas aplicações como VoIP, transmissão de áudio e vídeo de alta qualidade, videoconferência, jogos on-line, entre outras, dependem da qualidade de parâmetros como tempo de atraso e perda de pacotes, e velocidade média da conexão, para que funcionem de forma satisfatória.</texto>
	</resource>
	<resource id="16" title="R">
			<texto><B>RARP <I>(Reverse Address Resolution Protocol)</I>:</B> Protocolo definido na RFC 903 utilizado por dispositivos de rede para obtenção de endereço IP, junto a um servidor RARP, a partir do endereço MAC.</texto>
			<texto><B>Rede 3G:</B> Rede de telefonia móvel de terceira geração que permite às operadoras oferecer aos sues clientes uma ampla gama de serviços, entre eles Internet sem fio de alta velocidade.</texto>
			<texto><B>RFC <I>(Request for Comments):</I></B> documentos técnicos e organizacionais sobre a Internet, que incluem as especificações técnicas e políticas produzidas pela Internet Engineering Task Force (IETF).</texto>
			<texto><B>Roteador:</B> Equipamento que processa e direciona pacotes de dados de uma rede local ou remota para outra, de acordo com o endereço IP de cada pacote.</texto>
			<texto><B>RIP <I>(Routing Information Protocol):</I></B> Protocolo de roteamento interno baseado no algorítimo de vetor de distâncias Bellman-Ford. Em seu funcionamento, cada roteador envia sua tabela de roteamento a todos roteadores da rede a cada 30 segundos, ou imediatamente caso haja alguma mudança. O RIP utiliza como métrica de distância o número de saltos até o destino final, limitando essa quantidade a 15 saltos, 16 saltos representa infinito, ou seja, o nó é inacessível. A RFC 2453 apresenta a definição do RIPv2 (RIP Version 2) utilizada com o protocolo IPv4. O RIPng (RIP next generation), utilizado com o IPv6, tem sua definições apresentada na RFC 2080.</texto>
			<texto><B>RSVP <I>(Resource ReSerVation Protocol):</I></B> Protocolo definido na RFC 2205 utilizado por <I>hosts</I> para solicitar recursos específicos da rede para determinada aplicação, ou fluxo. O RSVP também é usado por roteadores para garantir QoS a todos nós, ao longo do caminho de um  fluxo de dados.</texto>
		</resource>
		<resource id="17" title="S">
			<texto><B><I>Scanning:</I></B> Veja Varredura de endereços.</texto>
			<texto><B>SEND <I>(Secure Neighbor Discovery):</I></B> Mecanismo de segurança para o protocolo de Descoberta de Vizinhança definido na RFC 3971, independente do uso de IPSec e sem a necessidade de configuração manual de endereços.</texto>
			<texto><B>SIIT <I>(Stateless IP/ICMP Translation):</I></B> Mecanismo de transição que atua traduzindo cabeçalhos dos pacotes IPv4 em IPv6 e vice-versa. Suas especificações encontram-se na RFC 2765.</texto>
			<texto><B>Sistema Autônomo:</B> Conjunto de redes regido por uma única administração, ou seja possui uma clara e única política de roteamento.</texto>
			<texto><B>Sistema Operacional:</B> Programa ou conjunto de programas que controla a execução de aplicativos, a entrada e saída de informações(dados), a alocação de recursos (memória, disco, periféricos) e o gerenciamento de dados de um computador.</texto>
			<texto><B><I>Sniffing:</I></B> Veja <B>Análise de tráfego</B>.</texto>
			<texto><B>SNMP <I>(Simple Network Management Protocol):</I></B> Protocolo de gerenciamento de redes utilizado para monitoramento e controle de hardwares e softwares. O sistema do SNMP é composto por Gerentes, responsáveis por requisitar as informações aos dispositivos gerenciados, e por Agentes, dispositivo com suporte a SNMP onde é executado um software que interage com a estação de gerenciamento.</texto>
			<texto><B>SOCKS64 <I>(Socks-Based IPv6/IPv4 Gateway):</I></B> Definido na RFC 3089, o SOCKS64 é uma solução bidirecional, permitindo a comunicação entre <I>hosts</I> IPv4 e IPv6, que atua na camada de aplicação. Seu funcionamento baseia-se na utilização de um servidor, que retransmite os dados enviados da origem até o destino final, e na instalação de um software no cliente que intercepte as consultas DNS e estabeleça a conexão como o servidor.</texto>
			<texto><B><I>Spoofing:</I></B> Veja <B>Falsificação de endereços</B>.</texto>
			<texto><B>SSH <I>(Secure Shell):</I></B> Protocolo que utiliza criptografia para acesso a um computador remoto, permitindo a execução de comandos, transferência de arquivos, entre outros. Foi definido pela RFC 4251.</texto>
			<texto><B>Switch:</B> Dispositivo utilizado em rede de computadores que filtram e encaminham pacotes entre segmentos de redes locais. Operam na camada de enlace, encaminhando os pacotes de acordo com o endereço MAC de destino.</texto>
		</resource>
		<resource id="18" title="T">
			<texto><B>Tabela de rotas:</B> Veja <B>Tabela de roteamento</B>.</texto>
			<texto><B>Tabelas de roteamento:</B> Lista de destinos, cada um com o prefixo e o comprimento de seu endereço, que serve para o roteador decidir o próximo destino de um pacote .</texto>
			<texto><B>TCP <I>(Transmission Control Protocol):</I></B> Protocolo da camada de transporte definido na RFC 793. O TCP tem como principais características: ser um protocolo orientado à conexão, porque antes de iniciar a transmissão dos dados, os <I>hosts</I> necessitam de estabelecer uma conexão; fornece um serviço <I>full-duplex</I>, possibilitando a transferência simultânea em ambas as direções; entrega confiável, pois permite recuperar pacotes perdidos, eliminar pacotes duplicados e recuperar dados corrompidos; e a garantia de que os pacotes sejam entregues na ordem.</texto>
			<texto><B>TELNET:</B> Serviço destinado ao acesso e execução de comandos em dispositivos remotos. Suas definições podem ser encontradas na RFC 854.</texto>
			<texto><B>TEREDO:</B> Definido na RFC 4380, este mecanismo de tunelamento permite o trafego de pacotes IPv6 através de NAT, encapsulando os dados IPv6 em pacotes UDP.</texto>
			<texto><B>TFTP <I>(Trivial File Transfer Protocol):</I></B> Protocolo para transferência de arquivos definido na RFC 1350. Implementado sobre o protocolo UDP, foi desenvolvido para ser pequeno e de fácil implementação, sendo capaz apenas de enviar e receber arquivos de um servidor remoto, não tendo suporte para listar diretórios ou realizar autenticação de usuário, como ocorre com o FTP.</texto>
			<texto><B>Tradução:</B> Mecanismos de transição usados na comunicação entre dispositivos apenas IPv6 com dispositivos apenas IPv4 ou vice-versa, possibilitando um roteamento transparente na troca de pacotes entre esses nós. Podem atuar na tradução de cabeçalhos, nas conversões de endereços, de APIs de programação, ou no tráfego TCP ou UDP.</texto>
			<texto><B>TRT <I>(Transport Relay Translator):</I></B> definido pela RFC 3142, este mecanismo de transição atua na camada de transporte capturando pacotes TCP/UDP enviados de um <I>host</I> IPv6 para um <I>host</I> IPv4, identificados por um endereço IPv4 mapeado com prefixo IPv6 "falso" pré-determinado, e re-enviando os pacotes através da pilha IPv4.</texto>
			<texto><B>Túneis:</B> Veja <B>Tunelamento</B>.</texto>
			<texto><B>Tunelamento:</B> Mecanismo que permite que duas redes IPv6 distintas, sejam nativas ou baseadas em Pilha Dupla, comuniquem-se através da estrutura da rede IPv4.</texto>
			<texto><B><I>Tunnel Broker:</I></B> Descrita na RFC 3053, essa técnica de tunelamento permite a criação de túneis, gerenciados por um servidor dedicado, que conectem <I>hosts</I> com Pilha Dupla através de uma rede IPv4.</texto>
		</resource>
		<resource id="19" title="U">
			<texto><B>UDP <I>(User Datagram Protocol):</I></B> Protocolo da camada de transporte definido pela RFC 768, que oferece um serviço não-orientado a conexão e não-confiável, sem garantias de que o pacote seja entregue. No entanto, o transporte dos dados é mais rápido que no TCP.</texto>
		</resource>
		<resource id="20" title="V">
			<texto><B>Varredura de endereços:</B> Técnica utilizada para efetuar varreduras em redes de computadores, com o intuito de identificar quais computadores estão ativos e quais serviços estão sendo disponibilizados por eles. Amplamente utilizado por atacantes para identificar potenciais alvos, pois permite associar possíveis vulnerabilidades aos serviços habilitados em um computador.</texto>
			<texto><B>Videoconferência:</B> Comunicação através da da transmissão simultânea de áudio e vídeo em tempo real, de um computador para outro por meio de uma conexão de Internet, que pode ser realizada ponto-a-ponto ou interligando diversos locais ao mesmo tempo.</texto>
			<texto><B>Vírus:</B> Programa ou parte de um programa de computador, normalmente malicioso, que se propaga infectando, isto é, inserindo cópias de si mesmo e se tornando parte de outros programas e arquivos de um computador. O vírus depende da execução do programa ou arquivo hospedeiro para que possa se tornar ativo e dar continuidade ao processo de infecção. </texto>
			<texto><B>VoIP <I>(Voice over IP):</I></B> Transporte de voz por meio da Internet ou qualquer outra rede de computadores baseada no protocolo IP.</texto>
			<texto><B>VPN <I>(Virtual Private Network):</I></B> Rede de comunicação privada construída sobre a infraestrutura de uma rede pública, normalmente a Internet.</texto>
		</resource>
		<resource id="21" title="W">
			<texto><B><I>Worm:</I></B> Programa capaz de se propagar automaticamente através de redes, enviando cópias de si mesmo de computador para computador. Diferente do vírus, o <I>worm</I> não embute cópias de si mesmo em outros programas ou arquivos e não necessita ser explicitamente executado para se propagar. Sua propagação se dá através da exploração de vulnerabilidades existentes ou falhas na configuração de <I>softwares</I> instalados em computadores.</texto>
		</resource>
</organization>