<?xml version="1.0" encoding="utf-8"?>
<tela>
	<textos_tela>
		<texto>A versão do protocolo IP utilizada na época e atualmente é a versão 4 ou IPv4. Cada endereço é representado nos computadores por um número binário de 32 bits. Isso significa que existem 4.294.967.296 endereços IP.
&nbsp;</texto>
		<texto>Essa quantidade de endereços é bem grande. Mas, além do rápido crescimento da rede, a forma com que os IPs foram distribuídos no início da Internet colaborava para seu rápido esgotamento. Eles foram divididos em classes. Clique em cada uma para entendê-las:
&nbsp;</texto>
	</textos_tela>
	
	<textos_pops>
		<texto>A <B>classe A</B> possuía 128 blocos de IPs com aproximadamente 16 milhões de endereços cada um.
Ela poderia atender a apenas 128 redes – um número muito pequeno - mas ocupava metade de todos os endereços disponíveis. Cada rede poderia ter 16 milhões de computadores, um número elevado demais.
&nbsp;</texto>
		<texto>A <B>classe B</B> possuía 16 mil blocos de IPs com aproximadamente 65 mil endereços cada um.
Para endereçar 300 dispositivos em uma rede, seria necessário obter um bloco de endereços da classe B, desperdiçando assim quase o total dos 65 mil endereços.
&nbsp;</texto>
		<texto>A <B>classe C</B> possuía aproximadamente 2 milhões de blocos de IPs com 256 endereços cada um.
Os 256 endereços não supriam as necessidades da grande maioria das redes.</texto>
	</textos_pops>
	
	<imagens_tela>
		<imagem img="media/slide19.swf" />
	</imagens_tela>
	
	<sons_tela>
		<som som="mp3/2_1_12_1.mp3" />
		<som som="mp3/2_1_12_2.mp3" />
		<som som="mp3/no_sound.mp3" />
		<som som="mp3/no_sound.mp3" />
		<som som="mp3/no_sound.mp3" />
	</sons_tela>
	
</tela>