<?xml version="1.0" encoding="utf-8"?>
<tela>
	<textos_box>
		<texto><B>Descoberta de Roteadores e Prefixos</B>
&nbsp;</texto>
		<texto>Esta funcionalidade do protocolo de Descoberta de Vizinhança é utilizada para localizar roteadores vizinhos dentro do mesmo enlace, bem como aprender prefixos e parâmetros relacionados à autoconfiguração de endereço.
&nbsp;</texto>
		<texto>A descoberta de roteadores e prefixos é realizado através da recepção de uma mensagem <I>Router Advertisement</I> enviada a partir de um roteador local para o endereço <I>multicast all-nodes</I>.
&nbsp;</texto>
		<texto>No IPv4, os nós podem mapear os endereços da rede local através de mensagens <I>ARP Request</I>.</texto>
	</textos_box>
	
	<textos_tela>
		<texto>ICMPv6 Type 134 (<I>Router Advertisement</I>)
&nbsp;</texto>
		<texto>Origem - Endereço <I>link-local</I> do roteador
&nbsp;</texto>
		<texto>Destino - Endereço <I>multicast all-nodes</I>
&nbsp;</texto>
		<texto>Informação - Opções, prefixos, <I>lifetime</I>, <I>flag</I> de auto-configuração
&nbsp;</texto>
	</textos_tela>
	
	<imagens_tela>
		<imagem img="media/dados_roteador_comps.swf" />
	</imagens_tela>
	
		<sons_tela>
		<som som="mp3/6_1_13_1.mp3" />
		<som som="mp3/6_1_13_2.mp3" />
		<som som="mp3/6_1_13_3.mp3" />
	</sons_tela>
</tela>