<?xml version="1.0" encoding="utf-8"?>
<tela>

	<textos_tela>
		<texto><B>A Internet não foi projetada para ser a grande rede que é hoje</B>
&nbsp;</texto>
		<texto>Ela começou como um projeto para interligar os centros de pesquisa relacionados ao departamento de defesa estadunidense. Logo, foi aberta à outros centros e universidades. Seu crescimento foi muito rápido desde o início, porque ela funcionou muito bem, e se mostrou bastante útil! 
Ainda assim, em 1983, havia apenas cerca de 300 computadores conectados.
&nbsp;</texto>
		<texto>Quando a Internet começou a ser utilizada comercialmente, por volta de 1993, seu crescimento se acelerou ainda mais. Alguns problemas estruturais tornaram-se, então, aparentes, e começaram a ser discutidas possíveis soluções.
<B>Um deles era o esgotamento dos endereços IP. Pelas previsões da época, os IPs livres acabariam em 2 ou 3 anos</B>.
&nbsp;</texto>	
	</textos_tela>	
	
	<imagens_tela>
		<imagem img="media/esquema.swf" />
	</imagens_tela>
	
	<sons_tela>
		<som som="mp3/2_1_11_1.mp3" />
		<som som="mp3/2_1_11_2.mp3" />
		<som som="mp3/2_1_11_3.mp3" />
	</sons_tela>
	
</tela>