<?xml version="1.0" encoding="utf-8"?>
<tela>
	<textos_tela>
		<texto>O protocolo ICMP (<I>Internet Control Message Protocol</I>) também foi modificado tornando-se mais eficaz. Isso permitiu a inclusão de novas funcionalidades ao IPv6 e o aprimoramento de outras, como:
&nbsp;</texto>
	</textos_tela>
	
	<textos_bullets>
		<texto>Mecanismos de autoconfiguração de endereços;
&nbsp;</texto>
		<texto>Descoberta de Vizinhança (<I>Neighbour Discovery</I>);
&nbsp;</texto>
		<texto>Gerenciamento de grupos <I>multicast</I>.
&nbsp;</texto>
	</textos_bullets>
	
	<imagens_tela>
		<imagem img="media/notebook.swf" />
		<imagem img="media/rede_talk.swf" />
	</imagens_tela>
	
	<sons_tela>
		<som som="mp3/2_1_30_1.mp3" />
		<som som="mp3/2_1_30_2.mp3" />
		<som som="mp3/2_1_30_3.mp3" />
		<som som="mp3/2_1_30_4.mp3" />
	</sons_tela>
	
</tela>