<?xml version="1.0" encoding="utf-8"?>
<tela>
	<textos_tela>
		<texto>As medidas paliativas adotadas no início da década de 1990 foram bastante eficazes e permitiram que houvesse tempo suficiente para criar um novo protocolo para a Internet.
&nbsp;</texto>
		<texto>Desenvolvida ao longo de mais de 10 anos, a versão 6 do protocolo IP, ou IPv6, mantém como base os princípios do IPv4, mas busca suprir todas as carências apresentadas por seu antecessor.
</texto>		
	</textos_tela>	
	
	<imagens_tela>
		<imagem img="media/armazenamento.swf" />
		<imagem img="media/ipv6.swf" />
	</imagens_tela>
	
	<sons_tela>
		<som som="mp3/2_1_24_1.mp3" />
		<som som="mp3/2_1_24_2.mp3" />
	</sons_tela>
		
</tela>