<?xml version="1.0" encoding="utf-8"?>
<tela>

	<textos_tela>
		<centro><B>Este módulo será dividido em 8 partes:</B>
&nbsp;</centro>
		<!--<texto><B>Este módulo será dividido em 3 partes:</B>
&nbsp;</texto>
		<texto>O funcionamento da Internet e o IP
&nbsp;</texto>
		<texto>O esgotamento dos endereços IP
&nbsp;</texto>
		<texto>O IPv6</texto>-->
	</textos_tela>
	
	<textos_bullets>
		<texto>ICMPv6
&nbsp;</texto>
		<texto>Descoberta de Vizinhança
&nbsp;</texto>
		<texto>Configuração <I>stateless</I>
&nbsp;</texto>
		<texto>Configuração <I>stateful</I>
&nbsp;</texto>
		<texto>Fragmentação
&nbsp;</texto>
		<texto>DNS
&nbsp;</texto>
		<texto>QoS 
&nbsp;</texto>
		<texto>Suporte à Mobilidade
&nbsp;</texto>
	</textos_bullets>
	
	<imagens_tela>
		<imagem img="media/menu_objetivos.swf" />
	</imagens_tela>
	
	<sons_tela>
		<som som="mp3/6_1_2_1.mp3" />
		<som som="mp3/6_1_2_2.mp3" />
		<som som="mp3/6_1_2_3.mp3" />
		<som som="mp3/6_1_2_4.mp3" />
		<som som="mp3/6_1_2_5.mp3" />
		<som som="mp3/6_1_2_6.mp3" />
		<som som="mp3/6_1_2_7.mp3" />
		<som som="mp3/6_1_2_8.mp3" />
		<som som="mp3/6_1_2_9.mp3" />
	</sons_tela>
	
</tela>