<?xml version="1.0" encoding="utf-8"?>
<tela>
	<textos_tela>
		<texto><B>Neste módulo aprendemos que:</B>
&nbsp;</texto>
		<texto>Toda a estrutura da Internet está baseada no IPv4, impossibilitando uma troca imediata de protocolo. Com isso, é necessário que a adoção do IPv6 seja realizada de forma gradual e transparente para a maioria dos usuários;
&nbsp;</texto>		
		<texto>Inicialmente haverá um período de coexistência entre os dois protocolos, em que redes IPv4 precisarão comunicar-se com redes IPv6 e vice-versa. Para facilitar este processo, foram desenvolvidas algumas técnicas de transição;
&nbsp;</texto>
		<texto>Na técnicas de Pilha Dupla, <I>hosts</I> e roteadores tornam-se capazes de enviar e receber pacotes tanto para o IPv4, quanto para o IPv6;
&nbsp;</texto>
		<texto>Na técnica tunelamento é possível transmitir pacotes IPv6 através da infraestrutura IPv4 já existente, encapsulando o conteúdo do pacote IPv6 em um pacote IPv4;
&nbsp;</texto>
		<texto>As técnicas de tradução possibilitam um roteamento transparente na comunicação entre nós que apresentem suporte apenas a uma versão do protocolo IP, ou utilizem Pilha Dupla;
&nbsp;</texto>
	</textos_tela>
</tela>