<?xml version="1.0" encoding="utf-8"?>
<tela>
	<textos_tela>
		<texto><B>Principais RFCs sobre o IPv6</B>
&nbsp;</texto>
		<texto></texto>
		<texto></texto>
		<texto></texto>
		<texto></texto>
	</textos_tela>
	<textos_bullets>
		<texto></texto>
		<texto>RFC1752: The Recommendation for the IP Next Generation Protocol
&nbsp;</texto>
		<texto>RFC2460: Internet Protocol, Version 6 (IPv6) Specification
&nbsp;</texto>
		<texto>RFC3315: Dynamic Host Configuration Protocol for IPv6 (DHCPv6)‏
&nbsp;</texto>
		<texto>RFC3596: DNS Extensions to Support IP Version 6
&nbsp;</texto>
		<texto>RFC4213: Basic Transition Mechanisms for IPv6 Hosts and Routers
&nbsp;</texto>
		<texto>RFC4291: IP Version 6 Addressing Architecture
&nbsp;</texto>
		<texto>RFC4301: Security Architecture for the Internet Protocol
&nbsp;</texto>
		<texto>RFC4302: IP Authentication Header
&nbsp;</texto>
		<texto>RFC4303: IP Encapsulating Security Payload (ESP)‏
&nbsp;</texto>
		<texto>RFC4861: Neighbor Discovery for IP version 6 (IPv6)‏
&nbsp;</texto>
		<texto>RFC4861: Neighbor Discovery for IP version 6 (IPv6)‏
&nbsp;</texto>

	</textos_bullets>
	
	<imagens_tela>
		<imagem img="media/menu_objetivos.swf" />
	</imagens_tela>
</tela>