<?xml version="1.0" encoding="utf-8"?>
<tela>
	<textos_tela>
		<texto><B>Detecção de Vizinhos Inacessíveis</B>
&nbsp;</texto>
	</textos_tela>
	
	<textos_bullets>
		<texto>Este mecanismo é utilizado na comunicação <I>host</I>-a-<I>host</I>, <I>host</I>-a-roteador, e roteador-a-<I>host</I> para rastrear a acessibilidade dos nós ao longo do caminho.
&nbsp;</texto>
		<texto>Um nó considera um vizinho acessível se ele recebeu recentemente a confirmação de entrega de algum pacote a esse vizinho. Essa confirmação pode ser uma resposta a uma mensagem do protocolo de Descoberta de Vizinhança ou algum processo da camada de transporte que indique que uma conexão foi estabelecida.
&nbsp;</texto>
		<texto>Esse processo apenas é executado quando os pacotes são enviados a um endereço <I>unicast</I>, não sendo utilizado no envio para endereços <I>multicast</I>.
&nbsp;</texto>
	</textos_bullets>
	
	<textos_bullets>
		<texto>Para acompanhar os estados de um vizinho, o nó IPv6 utiliza duas importantes tabelas:
&nbsp;</texto>
		<texto><B>Neighbor Cache </B>- mantem uma lista de vizinhos locais para os quais foi enviado tráfego recentemente, armazenado seus endereços IP, informações sobre o endereço MAC e um <I>flag </I>indicando se o vizinho é um roteador ou um <I>host</I>. Também informa se ainda há pacotes na fila para serem enviados, a acessibilidade dos vizinhos e a próxima vez que um evento de detecção de vizinhos inacessíveis está agendado. Esta tabela pode ser comparada a tabela ARP do IPv4.
&nbsp;</texto>
		<texto><B>Destination Cache </B>- mantem informações sobre destinos para os quais foi enviado tráfego recentemente, incluindo tanto destinos locais quanto remotos, sendo atualizado com informações recebidas por mensagens <I>Redirect</I>. O <I>Neighbor Cache </I>pode ser considerado um subconjunto das informações do <I>Destination Cache</I>.
&nbsp;</texto>
	</textos_bullets>
	
	<sons_tela>
		<som som="mp3/6_1_16_0.mp3" />
		<som som="mp3/6_1_16_1.mp3" />
		<som som="mp3/6_1_16_2.mp3" />	
		<som som="mp3/6_1_16_3.mp3" />
		<som som="mp3/6_1_16_4.mp3" />	
		<som som="mp3/6_1_16_5.mp3" />
		<som som="mp3/6_1_16_6.mp3" />		
	</sons_tela>
</tela>