<?xml version="1.0" encoding="utf-8"?>
<tela>
	<textos_tela>
		<texto>Esta técnica de varredura de endereços também é muito utilizada por alguns tipos de <I>worms</I> para infectar outros dispositivos. <br />Eles também terão dificuldades para continuar se propagando dessa maneira.
&nbsp;</texto>
		<texto>Em relação aos métodos de infecção e proteção contra vírus, cavalos de tróia e outros tipos de <I>worms</I>, não existem mudanças substanciais com a utilização do IPv6.
&nbsp;</texto>
		<texto></texto>		
	</textos_tela>
	
	<textos_bullets>
		<texto></texto>
	</textos_bullets>
	
	<imagens_tela>
		<imagem img="media/trojan.swf" />
		<imagem img="media/virus_worm.swf" />
	</imagens_tela>
	
	<sons_tela>
		<som som="mp3/7_1_14_1.mp3" />
		<som som="mp3/7_1_14_2.mp3" />
	</sons_tela>
</tela>