<?xml version="1.0" encoding="utf-8"?>
<tela>

	<textos_tela>
		<texto><B>Parte 3:</B>
&nbsp;</texto>
		<texto>A partir de informações enviadas pelos roteadores, em mensagens <I>Router Advertisement</I>, e de dados como o endereço MAC das interfaces, os nós IPv6 criam automaticamente endereços <I>link-local</I> únicos.
&nbsp;</texto>
	</textos_tela>
	
	<textos_bullets>
		<texto>Autoconfiguração de Endereços <I>Stateless</I>
&nbsp;</texto>
		<texto>O mecanismo de autoconfiguração <I>stateless </I>permite que endereços <I>unicast</I> sejam atribuídos aos nós sem a necessidade de configurações manuais, sem servidores adicionais, apenas com configurações mínimas dos roteadores.
&nbsp;</texto>
		<texto>Vamos agora conhecer melhor esta nova funcionalidade do IPv6.
&nbsp;</texto>
	</textos_bullets>
	
	<sons_tela>
		<som som="mp3/no_sound.mp3" />
		<som som="mp3/no_sound.mp3" />
		<som som="mp3/6_1_19_3.mp3" />
		<som som="mp3/6_1_19_4.mp3" />
		<som som="mp3/6_1_19_5.mp3" />
	</sons_tela>
	
</tela>