<?xml version="1.0" encoding="utf-8"?>
<tela>
	<textos_tela>
		<texto>Para evitar a utilização de endereços IP duplicados, sua distribuição tem de ser controlada.
		&nbsp;</texto>
		<texto>Hoje, isso é feito por um conjunto de entidades, que dividem a responsabilidade, numa estrutura hierárquica.
		&nbsp;</texto>
		<texto>A seguir, falaremos sobre as previsões de esgotamento dos endereços IP livres na Internet. Entender a forma como são gerenciados e distribuídos é de fundamental importância para compreender essas previsões.
		&nbsp;</texto>
	</textos_tela>	
	
	<imagens_tela>
		<imagem img="media/fluxograma_2.swf" />		
	</imagens_tela>
	
	<sons_tela>
		<som som="mp3/2_1_8_1.mp3" />
		<som som="mp3/2_1_8_2.mp3" />
		<som som="mp3/no_sound.mp3" />
	</sons_tela>
	
</tela>