<?xml version="1.0" encoding="utf-8"?>
<tela>

	<textos_tela>
		<texto>Saiba a quem é destinado o curso <B>Introdução ao IPv6</B>.
&nbsp;</texto>
		<texto>Este curso foi criado para atender, principalmente, aos estudantes, professores, técnicos, analistas e engenheiros de computação e redes.
&nbsp;</texto>
		<texto>Contudo, os módulos:
&nbsp;</texto>
		<texto>são também adequados a um público mais diverso, sem conhecimentos técnicos, como usuários Internet, gestores e interessados em geral. Eles foram escritos numa linguagem simplificada, evitando termos técnicos, ou explicando-os, quando preciso.
&nbsp;</texto>
		<texto>Os demais módulos requerem o conhecimento técnico dos conceitos básicos de Internet e redes.
&nbsp;</texto>	
	</textos_tela>
	
	<textos_bullets>
		<texto>Introdução
&nbsp;</texto>
		<texto>Implantação
&nbsp;</texto>		
	</textos_bullets>
	
	<imagens_tela>
		<imagem img="media/menu_publico_alvo.swf" />
	</imagens_tela>
	
	<sons_tela>
		<som som="mp3/no_sound.mp3" />
		<som som="mp3/1_1_2_1.mp3" />
		<!--<som som="mp3/1_1_2_2.mp3" />
		<som som="mp3/1_1_2_3.mp3" />
		<som som="mp3/1_1_2_4.mp3" />-->
		<som som="mp3/no_sound.mp3" />
		<som som="mp3/no_sound.mp3" />
		<som som="mp3/1_1_2_4.mp3" />
		<som som="mp3/1_1_2_5.mp3" />
		<som som="mp3/1_1_2_6.mp3" />
	</sons_tela>
	
</tela>