<?xml version="1.0" encoding="utf-8"?>
<tela>

	<textos_tela>
		<texto>Caso outro nó no enlace esteja utilizando o mesmo endereço <I>link-local</I>, automaticamente o processo de auto-configuração é interrompido, exigindo uma configuração manual.
&nbsp;</texto>
		<texto>Esse processo é o mesmo utilizado por <I>hosts</I> e roteadores.
&nbsp;</texto>
		<texto>os roteadores padrão
&nbsp;</texto>
		<texto>um valor predefinido para o campo Limite de Encaminhamento do cabeçalho IPv6
&nbsp;</texto>
		<texto>o valor de MTU do enlace
&nbsp;</texto>
		<texto>e a lista de prefixos de rede
&nbsp;</texto>	
	</textos_tela>
	
	<textos_pops>
		<texto>Os endereço <I>link-local</I> são gerados utilizando o prefixo <B>FE80::/64</B>.
A esse prefixo é anexado o identificador de 64 bits da interface física. Se a interface utilizar um MAC de 48 bits, acrescenta-se FFFE no centro do endereço e inverte-se seu 7o. bit.
&nbsp;</texto>
		<texto>O novo endereço passa a fazer parte dos grupos <I>multicast solicited-node</I> e <I>all-node</I>.
&nbsp;</texto>
		<texto>Por meio do processo de detecção de endereços duplicados, é feita a verificação da unicidade do endereço de <I>link-local</I> gerado.
&nbsp;</texto>
		<texto>Se o endereço <I>link-local</I> for considerado único e válido, ele será automaticamente inicializado para a interface.
&nbsp;</texto>
		<texto>Para determinar quais roteadores pertencem ao enlace e quais os prefixos, o <I>host</I> envia uma mensagem <I>Router Solicitation</I> para o grupo <I>multicast all-routers</I>.
&nbsp;</texto>
		<texto>Feito isso, todos os roteadores do enlace respondem com uma mensagem <I>Router Advertisement</I>.
Estas mensagens são utilizadas para configurar:
&nbsp;</texto>
	</textos_pops>
	
	<imagens_tela>
		<imagem img="media/menu_setas.swf" />
	</imagens_tela>
	
	<sons_tela>
		<som som="mp3/6_1_20_1.mp3" />
		<som som="mp3/6_1_20_2.mp3" />
		<som som="mp3/6_1_20_3.mp3" />
		<som som="mp3/6_1_20_4.mp3" />
		<som som="mp3/6_1_20_5.mp3" />
		<som som="mp3/6_1_20_6.mp3" />
		<som som="mp3/6_1_20_7.mp3" />
		<som som="mp3/6_1_20_8.mp3" />
		<som som="mp3/6_1_20_9.mp3" />
		<som som="mp3/6_1_20_10.mp3" />
		<som som="mp3/6_1_20_11.mp3" />
		<som som="mp3/6_1_20_12.mp3" />
	</sons_tela>
	
</tela>