<?xml version="1.0" encoding="utf-8"?>
<tela>
	<textos_tela>
		<texto>Outra mudança importante em relação à versão anterior do protocolo IP é o formato do cabeçalho IPv6.
&nbsp;</texto>
	</textos_tela>
	
	<textos_bullets>
		<texto>A nova versão foi simplificada, tornando-se mais eficiente, reduzindo o processamento dos roteadores.
&nbsp;</texto>
		<texto><font size="50"><B>IPv6</B></font>
&nbsp;</texto>
	</textos_bullets>
	
	<imagens_tela>
		<imagem img="media/tabela_ipv6.swf" />
	</imagens_tela>
	
	<sons_tela>
		<som som="mp3/2_1_28_1.mp3" />
		<som som="mp3/2_1_28_2.mp3" />
		<som som="mp3/no_sound.mp3" />
	</sons_tela>
	
</tela>