<?xml version="1.0" encoding="utf-8"?>
<tela>
	<textos_tela>
		<texto>Clique em cada um dos campos para saber mais sobre ele.
&nbsp;</texto>
	</textos_tela>
	<textos_pops>
		<texto><B>Versão (<I>Version</I>)
Tamanho:</B> 4 bits.
<B>Definição:</B> Campo de identificação de versão do Protocolo IP utilizado.
No caso no IPv6, o valor deste campo é 6.
&nbsp;</texto>
		<texto><B>Classe de Tráfego (<I>Traffic Class</I>)‏
Tamanho:</B> 8 bits.
<B>Definição:</B> é utilizado para definir diferentes classes e prioridades aos pacotes IPv6, facilitando assim, o tratamento dos dados provenientes de aplicações com exigências distintas. Este campo serve de base para o funcionamento do mecanismo de qualidade de serviço (<I>QoS</I>) na rede.
&nbsp;</texto>
		<texto><B>Identificador de Fluxo (<I>Flow Label</I>)‏
Tamanho:</B> 20 bits.
<B>Definição:</B> identifica e diferencia sequências de pacotes pertencentes ao mesmo fluxo de dados, que necessitem do mesmo tratamento para um processamento mais eficiente nos roteadores.
&nbsp;</texto>
		<texto><B>Tamanho dos Dados (<I>Playload Lenght</I>)‏
Tamanho:</B> 16 bits.
<B>Definição:</B> indica o volume de dados, em bytes, que o pacote transporta.
&nbsp;</texto>
		<texto><B>Próximo Cabeçalho (<I>Next Header</I>)‏
Tamanho:</B> 8 bits.
<B>Definição:</B> indica o tipo de informação que se segue ao cabeçalho IPv6. Poderá ser um pacote da camada de transporte (TCP/UDP) ou um dos cabeçalhos de extensão.
&nbsp;</texto>
		<texto><B>Limite de Encaminhamento (<I>Hop Limit</I>)
Tamanho:</B> 8 bits.
<B>Definição:</B> indica o número máximo de roteadores pelos quais o pacote pode passar antes de ser descartado.
&nbsp;</texto>
		<texto><B>Endereço de Origem (<I>Source Address</I>)‏
Tamanho:</B> 128 bits.
<B>Definição:</B> especifica  o endereço de origem do pacote.
&nbsp;</texto>
		<texto><B>Endereço de Destino (<I>Destination Address</I>)‏
Tamanho:</B> 128 bits.
<B>Definição:</B> especifica endereço de destino do pacote.
&nbsp;</texto>
	</textos_pops>

	<imagens_tela>
		<imagem img="media/tabela_bits3.swf" />
	</imagens_tela>
	
	<sons_tela>
		<som som="mp3/4_1_7.mp3" />
	</sons_tela>

</tela>