<?xml version="1.0" encoding="utf-8"?>
<tela>
	<textos_tela>
		<centro>No IPv6 foram definidos 3 tipos de endereço:
&nbsp;</centro>
		<texto>Utilizado para identificar um grupo de interfaces pertencentes a nós diferentes. Um pacote destinado a um endereço <I>anycast</I> é enviado apenas para a interface deste grupo mais próxima da origem</texto>
		<texto></texto>
		<texto>Este tipo de endereçamento é útil para se detectar rapidamente determinados servidores ou serviços, por exemplo, servidores de DNS, ou ainda para identificar um grupo de roteadores pertencentes a um ISP, identificar um conjunto de roteadores conectados a mesma sub-rede, ou identificar os roteadores que provêem a entrada para um domínio específico.
&nbsp;</texto>
		<texto>
&nbsp;</texto>	
	</textos_tela>
	<textos_bullets>
		<texto>Introdução
&nbsp;</texto>
		<texto>Implantação
&nbsp;</texto>		
	</textos_bullets>
	
	<imagens_tela>
		<imagem img="media/menu.swf" />
	</imagens_tela>
</tela>