<?xml version="1.0" encoding="utf-8"?>
<tela>
	<textos_tela>
		<texto>Um cliente DNS com suporte a IPv6, ao realizar uma consulta, busca primeiro por registros do tipo AAAA, caso não haja resposta, faz uma consulta por registros do tipo A com o mesmo nome.
&nbsp;</texto>
		<texto>Este cenário pode ocorrer se este cliente DNS realizar a consulta em um servidor que possua apenas registros do tipo A. Neste caso, o servidor envia um código de resposta 0, indicando que não há erro e uma resposta de seção vazia. Essa resposta indica que existe pelo menos um registro de um tipo diferente do que AAAA para a consulta.
&nbsp;</texto>
		<texto>O servidor DNS pode responder a consultas feitas através do IPv4 ou do IPv6, se suportar ambos os protocolos. Os dados obtidos na consulta IPv6 devem ser iguais  aos obtidos na consulta IPv4.
&nbsp;</texto>
	</textos_tela>

	<sons_tela>
		<som som="mp3/6_2_10_1.mp3" />
		<som som="mp3/6_2_10_2.mp3" />
	</sons_tela>

</tela>