<?xml version="1.0" encoding="utf-8"?>
<tela>
	<textos_tela>
		<centro>Agora você vai realizar uma breve avaliação sobre o conteúdo que acabou de ver.
Durante a avaliação você responderá a questões de multipla escolha ou clique e arraste.
Ao selecionar uma resposta, aparecerá na tela se você escolheu a correta, ou não. Caso não tenha acertado a pergunta, a alternativa correta ficará verde.
&nbsp;</centro>
		<texto txt="Você acertou " />
		<texto txt="% das questões! Parabéns!" />
		<texto txt="Você acertou " />
		<texto txt="% das questões! Sugerimos que você reveja esta lição antes de prosseguir." />
	</textos_tela>
</tela>