<?xml version="1.0" encoding="utf-8"?>
<tela>
	<textos_tela>
		<centro><B>Seja bem-vindo.</B>
&nbsp;</centro>
	</textos_tela>
	<textos_bullets>
		<centro><B>Ao concluir este módulo, você:</B>
&nbsp;</centro>
		<texto>conhecerá as diferenças entre os endereços IPv4 e IPv6;
&nbsp;</texto>
		<texto>reconhecerá a sintaxe dos endereços IPv6;
&nbsp;</texto>
		<texto>conhecerá os tipos de endereços IPv6 existentes e suas principais características.
&nbsp;</texto>
	</textos_bullets>
	
	<imagens_tela>
		<imagem img="media/menu_objetivos.swf" />
	</imagens_tela>
	
	<sons_tela>
		<som som="mp3/4_1_1_1.mp3" />
		<som som="mp3/5_1_1_2.mp3" />
		<som som="mp3/5_1_1_3.mp3" />
		<som som="mp3/5_1_1_4.mp3" />
		<som som="mp3/5_1_1_5.mp3" />
	</sons_tela>
</tela>