<?xml version="1.0" encoding="utf-8"?>
<tela>
	<textos_tela>
		<texto><B>Detecção de Endereços Duplicados</B>
&nbsp;</texto>
		<texto>No IPv4, os nós utilizam mensagens ARP <I>Request</I> e um método chamado <I>gratuitous</I> ARP para detectar endereços <I>unicast</I> duplicados dentro do mesmo enlace, definindo os campos <I>Source Protocol Address</I> e <I>Target Protocol Address</I>, do cabeçalho da mensagem ARP Request, com o endereço IPv4 que está sendo verificado.
&nbsp;</texto>
		<texto><B>
</B></texto>	
	</textos_tela>
	<textos_bullets>
	</textos_bullets>
	
	<imagens_tela>
		<imagem img="media/menu_objetivos.swf" />
	</imagens_tela>
</tela>