<?xml version="1.0" encoding="utf-8"?>
<tela>
	<textos_tela>
		<texto>Essa identificação é feita através de um número, chamado de <B>endereço IP</B>, <B>número IP</B> ou, simplesmente, <B>IP</B> (como o próprio protocolo).
		&nbsp;</texto>
		<texto>Esse número deve ser único, de modo que não existam na Internet dois dispositivos com o mesmo endereço.
		&nbsp;</texto>
		<texto> cada <B>computador deve ser identificado univocamente na rede</B>, ou seja, sem possibilidade de engano.
		&nbsp;</texto>
	</textos_tela>
	<textos_bullets>
		<texto></texto>
		<texto></texto>
		<texto></texto>
		<texto></texto>
	</textos_bullets>
	
	<imagens_tela>
		<imagem img="media/IP_lateral.swf" />
	</imagens_tela>
</tela>