<?xml version="1.0" encoding="utf-8"?>
<tela>

	<textos_tela>
		<texto>Para cada prefixo informado nas mensagens <I>Router Advertisement,</I> é gerado um endereço através do mecanismo de autoconfiguração <I>stateless,</I> combinando o prefixo ao identificador da interface.
Estas mensagens também apresentam duas flags:
&nbsp;</texto>
		<texto><I>managed address configuration</I> – indica se os <I>hosts</I> devem ou não utilizar autoconfiguração <I>stateful</I> para obter endereços;
&nbsp;</texto>
		<texto><I>stateful configuration</I> – indica se os <I>hosts</I> devem utilizar a autoconfiguração <I>stateful</I> para obter informações adicionais, como endereços de servidores DNS e outros dados sobre a configuração da rede.
&nbsp;</texto>
	</textos_tela>
	
	<sons_tela>
		<som som="mp3/6_1_21_1.mp3" />
		<som som="mp3/6_1_21_2.mp3" />
		<som som="mp3/6_1_21_3.mp3" />
	</sons_tela>
	
</tela>