<?xml version="1.0" encoding="utf-8"?>
<tela>
	<textos_tela>
		<texto><font size="30" color="#666666"><B>NAT</B></font></texto>
		<texto>Essa tecnologia permite que, com um único endereço válido na Internet, toda uma rede de computadores, usando endereços privados, seja parcialmente conectada.</texto>
		<texto>Contudo, os módulos:</texto>
		<texto>são também adequados a um público mais diverso, sem conhecimentos técnicos, como usuários Internet, gestores e interessados em geral. Eles foram escritos numa linguagem simplificada, evitando termos técnicos, ou explicando-os, quando preciso.</texto>
		<texto>Os demais módulos requerem o conhecimento técnico dos conceitos básicos de Internet e redes.</texto>	
	</textos_tela>
	<textos_bullets>
		<texto>Introdução  e</texto>
		<texto>Implantação</texto>		
	</textos_bullets>
	
	<imagens_tela>
		<imagem img="media/menu_cidr_alvo.swf" />
	</imagens_tela>
</tela>