<?xml version="1.0" encoding="utf-8"?>
<tela>
	<textos_tela>
		<texto>Entre os principais mecanismos de tradução destacam-se:
&nbsp;</texto>
		<texto><B>SIIT</B>(<I>Stateless IP/ICMP Translation</I>)‏
&nbsp;</texto>
		<!-- <texto><B>NAT-PT</B> (Network Address Translation with Protocol Translation)‏
&nbsp;</texto>
		<texto><B>NAPT-PT</B> (Network Address Port Translation and Packet Translation)
&nbsp;</texto> -->
		<texto><B>BIS</B> (<I>Bump in the Stack</I>)‏
&nbsp;</texto>
		<texto><B>BIA</B> (<I>Bump in the API</I>)
&nbsp;</texto>
		<texto><B>TRT</B> (<I>Transport Relay Translator)</I>‏
&nbsp;</texto>
		<texto><B>SOCKS64</B> (<I>Socks-Based IPv6/IPv4 Gateway</I>)‏
&nbsp;</texto>
		<texto><B>ALG</B> (<I>Application Layer Gateway</I>)‏
&nbsp;</texto>
	</textos_tela>

	<textos_pops>
		<texto><B>SIIT</B> - mecanismo de tradução stateless de cabeçalhos IP/ICMP, que utiliza um tradutor localizado na camada de rede da pilha, que converte campos específicos dos cabeçalhos de pacotes IPv6 em cabeçalhos de pacotes IPv4 e vice-versa.
&nbsp;</texto>
		<!-- <texto><B>NAT-PT</B> - combina métodos de tradução de cabeçalho e conversão de endereço. Seu funcionamento acontece da seguinte forma: um <I>host</I> IPv6 envia um pacote ao <I>gateway</I> NAT-PT, que mapeia o endereço do <I>host</I> para um endereço IPv4 público, traduz o protocolo IPv6 para IPv4 e envia o pacote ao <I>host</I> IPv4 de destino. Ao enviar o pacote ao <I>gateway</I>, o <I>host</I> IPv6 deve adicionar um prefixo pré-configurado <B>::/96</B> ao endereço IPv4 do destino, visto que o <I>gateway</I> só aceita pacotes identificados com esse prefixo. A partir desse endereço, será obtido o endereço real do destino, eliminando o prefixo IPv6 de identificação.
&nbsp;</texto>	
		<texto><B>NAPT-PT</B> – utilizando apenas um único endereço IPv4, seu funcionamento consiste em traduzir as portas TCP/UDP dos <I>hosts</I> IPv6 em porta TCP/UDP do endereço IPv4 registrado. O NAPT-PT é sempre unidirecional, ou seja, somente <I>hosts</I> IPv6 iniciam sessões com os <I>hosts</I> IPv4.
&nbsp;</texto> -->	
		<texto><B>BIS</B> - possibilita apenas a comunicação de aplicações IPv4 com nós IPv6, funcionando entre a camada de aplicação e a de rede, adicionando à pilha IPv4 três módulos: <B><I>translator</I></B>, que traduz os cabeçalhos IPv4 enviados em cabeçalhos IPv6 e os cabeçalhos IPv6 recebidos em cabeçalhos IPv4; <B><I>extension name resolver</I></B>, que atua nas DNS queries realizadas pelo IPv4, de modo que, se o servidor DNS retorna um registro AAAA, o <I>resolver</I> pede ao <B><I>address mapper</I></B> para atribuir um endereço IPv4 correspondente ao endereço IPv6; e <I>address mapper</I>, que possui uma certa quantidade de endereços IPv4 para associar a endereços IPv6 quando o <I>translator</I> receber um pacote IPv6. Como os endereços IPv4 não são transmitidos na rede, eles podem ser endereços privados.
&nbsp;</texto>
		<texto><B>BIA</B> - similar ao BIS, esse mecanismo adiciona uma API de tradução entre o <I>socket</I> API e os módulos TPC/IP dos <I>hosts</I> de Pilha Dupla, permitindo a comunicação de aplicações IPv4 com <I>hosts</I> IPv6, traduzindo as funções do <I>socket</I> IPv4 em funções do <I>socket</I> IPv6 e vice-versa. Também adiciona três módulos à pilha IPv4: <B><I>extension name resolver</I></B> e <B><I>address mapper</I></B>, que funcionam da mesma forma que no BIS, e o <B><I>function mapper</I></B>, que detecta as chamadas das funções do <I>socket</I> IPv4 e invoca as funções correspondentes do <I>socket</I> IPv6 e vice-versa.
&nbsp;</texto>
		<texto><B>TRT</B> - atuando como um tradutor de camada de transporte, esse mecanismo possibilita a comunicação entre <I>hosts</I> apenas IPv6 e <I>hosts</I> apenas IPv4 através de trafego TCP/UDP. Sem a necessidade de se instalar qualquer tipo de <I>software</I>, o TRT roda em máquinas com Pilha Dupla que devem ser inseridas em um ponto intermediário dentro da rede. Na comunicação de um <I>host</I> IPv6 com um <I>host</I> IPv4 é adicionado um prefixo IPv6 falso ao endereço IPv4 do destino. Quando um pacote com esse prefixo falso passa pelo TRT, esse pacote é interceptado e enviado ao <I>host</I> IPv4 de destino em um pacote TCP ou UDP.
&nbsp;</texto>
		<texto><B>SOCKS64</B>  - esse mecanismo é composto por um <I>gateway SOCKS</I> implementado como um <I>host</I> com Pilha Dupla e um <I>host</I> cliente implementado com um <I>software</I>, chamado <I>SOCKS LIB</I>, entre as camadas de aplicação e transporte. Esse <I>software </I>intercepta as pesquisas DNS e as responde com endereços IPv4 falsos, de modo que, quando o cliente realiza uma chama a API de conexão, o <I>SOCKS LIB</I> substitui o endereço falso pelo original e envia o pacote, chamado de <I>socksified</I>, para o <I>gateway</I> que executa a pesquisa DNS real. Se o servidor DNS responder com um registro AAAA, o <I>gateway</I> abre um <I>socket </I>IPv6, caso contrário, será aberto um <I>socket</I> IPv4.
&nbsp;</texto>
		<texto><B>ALG</B> (<I>Application Layer Gateway</I>) - trabalha como um <I>proxy HTTP</I>, onde o cliente primeiramente inicia a conexão com o ALG, que, então, estabelece uma conexão com o destino, retransmitindo as requisições de saída e os dados de entrada. Em redes apenas IPv6, o ALG habilita a comunicação dos <I>hosts</I> com serviços em redes apenas IPv4, configurando o ALG em nós com Pilha Dupla. Este tipo de mecanismo e normalmente utilizado quando o <I>host</I> que deseja acessar a aplicação no servidor IPv4, está atrás de NAT ou de um <I>firewall</I>.
&nbsp;</texto>
	</textos_pops>
	
	<sons_tela>
		<som som="mp3/9_1_15_1.mp3" />
		<som som="mp3/9_1_15_2.mp3" />
		<som som="mp3/9_1_15_3.mp3" />
		<som som="mp3/9_1_15_4.mp3" />
		<som som="mp3/9_1_15_5.mp3" />
		<som som="mp3/9_1_15_6.mp3" />
		<som som="mp3/9_1_15_7.mp3" />
	</sons_tela>	
</tela>