<?xml version="1.0" encoding="utf-8"?>
<tela>
	<textos_tela>
		<texto>Agora vejamos como o cabeçalho IPv6 foi construído, com base no IPv4. Clique no cabeçalho IPv4 abaixo:
&nbsp;</texto>
		<texto>Seis campos do cabeçalho IPv4 foram removidos, pois suas funções não são mais necessárias ou são implementadas pelos cabeçalhos de extensão.
&nbsp;</texto>
		<texto>Para mais detalhes sobre os motivos de suas remoções clique sobre os campos do cabeçalho, ou clique na seta ao lado para continuar.
&nbsp;</texto>
		<texto>Quatro campos tiveram seus nomes alterados e seus posicionamentos modificados. Esses reposicionamentos foram definidos para facilitar o processamento dessas informações pelos roteadores.
&nbsp;</texto>
		<texto>O campo Identificador de Fluxo foi acrescentado, adicionando um mecanismo extra de suporte a QoS ao IP.
&nbsp;</texto>
		<texto>e três campos foram mantidos, alterando apenas o tamanho do espaço reservado para o endereçamento que passa a ter 128 bits.
&nbsp;</texto>		
	</textos_tela>
	
	<textos_pops>
		<texto>O campo Tamanho do Cabeçalho foi removido porque no IPv6 este valor é fixo.
&nbsp;</texto>
		<texto>Os campos Identificação, Flags e Deslocamento do Fragmento, foram removidos porque  as informações referentes a fragmentação são indicadas agora em um cabeçalho de extensão apropriado.
&nbsp;</texto>
		<texto>O campo Soma de Verificação foi removido, pois  esse cálculo já é realizado pelos protocolos das camadas superiores. Com isso, a velocidade no processamento dos roteadores é melhorada.
&nbsp;</texto>
		<texto>Os campos Opções e Complementos foram removidos, visto que as opções adicionais agora fazem parte dos cabeçalhos de extensão do IPv6.
&nbsp;</texto>
		<texto>O campo Classe de Tráfego continua provendo as mesmas funcionalidades do campo Tipo de Serviço do IPv4.
&nbsp;</texto>
		<texto>O campo Tamanho Total do IPv4 indicava o tamanho do cabeçalho mais o tamanho dos dados transmitidos. No IPv6 apenas o tamanho dos dados é indicado, visto que o tamanho do cabeçalho agora é fixo.
&nbsp;</texto>		
		<texto>O campo Próximo Cabeçalho foi renomeado refletindo a nova organização dos pacotes IPv6, pois agora este campo não contém apenas valores referentes a protocolos da camada superior, mas também indica os valores dos cabeçalhos de extensão.
&nbsp;</texto>
		<texto>O campo Tempo de Vida do IPv4 deveria indicar em segundos quanto tempo o pacote levaria para ser descartado caso não chegasse ao seu destino. No entanto, ele é apenas decrementado em cada nó que ele percorre, sendo descartado quando esse valor chega a zero. No IPv6 o campo Limite de Encaminhamento apenas padronizou esse método.
&nbsp;</texto>
	</textos_pops>

<!--	<imagens_tela>
		<imagem img="media/tabela_bits3.swf" />
	</imagens_tela>
-->
	<sons_tela>
		<som som="mp3/4_1_5_1.mp3" />
		<som som="mp3/4_1_5_2.mp3" />
		<som som="mp3/4_1_5_3.mp3" />
		<som som="mp3/4_1_5_4.mp3" />
		<som som="mp3/4_1_5_5.mp3" />
	</sons_tela>

</tela>