<?xml version="1.0" encoding="utf-8"?>
<tela>
	<textos_tela>
		<texto>O ICMPv6, para o IPv6, tem basicamente as mesmas funções do ICMP,  para o IPv4. Ou seja, é utilizado para:
&nbsp;</texto>
		<texto>Estas informações são obtidas através da troca de mensagens ICMPv6, que são divididas em duas classes:
&nbsp;</texto>
	</textos_tela>
	<textos_bullets>
		<texto>informar características da rede
&nbsp;</texto>
		<texto>realizar diagnósticos
&nbsp;</texto>
		<texto>relatar erros no processamento de pacotes
&nbsp;</texto>
		<texto>Mensagem de Erro
&nbsp;</texto>
		<texto>Mensagem de Informação
&nbsp;</texto>
	</textos_bullets>
	<imagens_tela>
		<imagem img="media/rede_imcpv6.swf" />
	</imagens_tela>
	<sons_tela>
		<!--<som som="mp3/6_1_3_1.mp3" />
		<som som="mp3/6_1_3_2.mp3" />
		<som som="mp3/6_1_3_3.mp3" />-->
		<som som="mp3/no_sound.mp3" />
		<som som="mp3/no_sound.mp3" />
		<som som="mp3/no_sound.mp3" />
		<som som="mp3/6_1_3_4.mp3" />
		<!--<som som="mp3/6_1_3_5.mp3" />
		<som som="mp3/6_1_3_6.mp3" />-->
		<som som="mp3/no_sound.mp3" />
		<som som="mp3/no_sound.mp3" />
		<som som="mp3/6_1_3_7.mp3" />
	</sons_tela>
</tela>