<?xml version="1.0" encoding="utf-8"?>
<tela>
	<textos_tela>
		<texto><B>O QoS é garantido na rede, através dos componentes e equipamentos utilizados no tráfego dos dados.</B>
&nbsp;</texto>
		<texto></texto>
		<texto></texto>
		<texto></texto>
		<texto></texto>
	</textos_tela>
	<textos_bullets>
		<texto><B>Atualmente estão definidos dois modelos:</B>
&nbsp;</texto>
		<texto><I>Integrated Services</I> (IntServ): baseia-se na reserva de banda, alocando previamente os recursos necessários para a transmissão de determinado tipo de pacote. Normalmente é associado ao protocolo <B>RSVP</B> <I>(Resource ReSerVation Protocol)</I>‏; e
&nbsp;</texto>
		<texto><I>Differentiated Services</I> (DiffServ): trabalha por meio de classes, agregando e priorizando  fluxos de dados com requisitos QoS similares. 
&nbsp;</texto>
	</textos_bullets>
	
	<imagens_tela>
		<imagem img="media/menu_objetivos.swf" />
	</imagens_tela>
</tela>