<?xml version="1.0" encoding="utf-8"?>
<tela>
	<textos_tela>
		<texto>Desta forma, haverá nessa fase inicial de transição, um período de coexistência entre os dois protocolos, em que redes IPv4 precisarão comunicar-se com redes IPv6 e vice-versa.
&nbsp;</texto>
		<texto>E com o intuito de facilitar este processo, foram desenvolvidas algumas técnicas que visam manter a compatibilidade de toda a base das redes instaladas sobre IPv4 com o novo protocolo IPv6.
&nbsp;</texto>
		<!--<texto><B>Você sabe como funciona a Internet?</B></texto>-->	
	</textos_tela>
	
	<textos_bullets><!--
		<texto>terá entendido por que é preciso implantar o IPv6 na Internet e nas redes;</texto>
		<texto>compreenderá as principais características do novo protocolo e suas diferenças em relação à versão anterior, o IPv4;</texto>
		<texto>saberá como se dará a transição para o IPv6 e</texto>
		<texto>será capaz de aprofundar seu conhecimento através de livros, cursos, sítios Web e por meio de experimentos práticos.</texto>-->
	</textos_bullets>
	
	<imagens_tela>
		<imagem img="media/note1.swf" />
	</imagens_tela>
	
	<sons_tela>
		<som som="mp3/9_1_3_1.mp3" />
		<som som="mp3/9_1_3_2.mp3" />
	</sons_tela>
</tela>