<?xml version="1.0" encoding="utf-8"?>
<tela>

	<textos_tela>
		<texto><B>Parte 5:</B>
&nbsp;</texto>
		<texto>Na transmissão de um pacote IP, este pode passar através de vários enlaces até chegar ao destino. Possivelmente, cada um desses enlaces possuirá uma limitação distinta em relação ao tamanho máximo do pacote que pode trafegar através dele. Chamada de MTU (<I>Maximum Transmit Unit</I>), esta limitação é definidas de acordo com o protocolo de enlace utilizado.
&nbsp;</texto>
	</textos_tela>
	
	<textos_bullets>
		<texto>Fragmentação
&nbsp;</texto>
		<texto>O processo de fragmentação de um pacote de dados permite o envio de pacotes maiores que o limite de tráfego estabelecido de um enlace. O modo como esse processo é tratado no IPv6 difere sensivelmente do modo como este é tratado no IPv4.
&nbsp;</texto>
		<texto>Veremos agora quais são essas diferenças e outras características de seu funcionamento no IPv6.
&nbsp;</texto>
	</textos_bullets>
	
	<sons_tela>
		<som som="mp3/no_sound.mp3" />
		<som som="mp3/no_sound.mp3" />
		<som som="mp3/6_2_1_3.mp3" />
		<som som="mp3/6_2_1_4.mp3" />
		<som som="mp3/no_sound.mp3" />
	</sons_tela>
	
</tela>