<?xml version="1.0" encoding="utf-8"?>
<tela>
	<textos_tela>
		<texto>Como vimos, existe hoje uma demanda muito grande por mais endereços IP. Com isso, é necessário uma solução definitiva para sua escassez, que possa garantir a continuidade do crescimento da Internet e o surgimento de:
&nbsp;</texto>
	</textos_tela>
	
	<textos_bullets>
		<texto><B>Novas redes interligadas </B>– As empresas e redes atuais continuam a se expandir. Novas empresas e negócios surgem a cada momento.
&nbsp;</texto>
		<texto><B>Novos usuários</B> – Iniciativas de inclusão digital têm trazido muitos novos usuários para a Internet.
&nbsp;</texto>	
		<texto><B>Novas aplicações</B> – Redes 3G e Internet em dispositivos eletrônicos e eletrodomésticos são exemplos de novas aplicações que colaboram com o crescimento da Internet.
&nbsp;</texto>		
	</textos_bullets>
	
	<imagens_tela>
		<imagem img="media/rede4.swf" />
	</imagens_tela>
	
	<sons_tela>
		<som som="mp3/2_1_21_1.mp3" />
		<som som="mp3/no_sound.mp3" />
		<som som="mp3/no_sound.mp3" />
		<som som="mp3/2_1_21_2.mp3" />
	</sons_tela>
	
</tela>