<?xml version="1.0" encoding="utf-8"?>
<tela>

	<textos_tela>
		<texto>Uma internet é a interligação de várias redes de computadores.
&nbsp;</texto>
		<texto>Um protocolo foi projetado especialmente para interligar diversas redes. Ele é chamado de IP, que é abreviação de Internet Protocol, ou, em português, Protocolo Internet.
&nbsp;</texto>
		<texto>Quando nos referimos à <B>Internet, com I maiúsculo</B>, falamos da <B>grande interligação mundial de redes computadores</B>, que todos conhecemos e que tantos benefícios tem trazido à humanidade.
&nbsp;</texto>	
	</textos_tela>
	
	<textos_bullets>
<!--		<texto>fomentar o desenvolvimento da Internet no Brasil;
&nbsp;</texto>
		<texto>recomendar padrões e procedimentos relacionados à Internet;
&nbsp;</texto>
		<texto>coletar, organizar e disseminar informações relacionadas a Internet como, por exemplo, indicadores e estatísticas;
&nbsp;</texto>
		<texto>gerenciar os domínios .br a atribuição de números IP no país.
&nbsp;</texto>
-->	</textos_bullets>
	
	<imagens_tela>
		<imagem img="media/terra.swf" />
	</imagens_tela>
	
	<sons_tela>
		<som som="mp3/2_1_5_1.mp3" />
		<som som="mp3/2_1_5_2.mp3" />
		<som som="mp3/2_1_5_3.mp3" />
	</sons_tela>
	
</tela>