<?xml version="1.0" encoding="utf-8"?>
<tela>
	<textos_tela>
		<texto>No módulo introdutório foi apresentado que uma das principais mudanças entre os dois protocolos IP ocorreu no formato do cabeçalho base.
&nbsp;</texto>
		<texto>Neste módulo, essas mudanças serão detalhadas, permitindo-nos compreender melhor a finalidade dessas alterações. Para isso, faremos uma breve análise do cabeçalho da versão anterior.
&nbsp;</texto>	
	</textos_tela>

	<imagens_tela>
		<imagem img="media/IP_lateral.swf" />
	</imagens_tela>
	
	<sons_tela>
		<som som="mp3/4_1_2_1.mp3" />
		<som som="mp3/4_1_2_2.mp3" />
	</sons_tela>
</tela>