<?xml version="1.0" encoding="utf-8"?>
<tela>
	<textos_box>
		<texto>O protocolo RIPng é baseado em um algoritmo <I>distance-vector</I> conhecido como Bellman-Ford.
&nbsp;</texto>
		<texto>Esse protocolo segue os principais conceitos do RIPv2 utilizado com o IPv4.
&nbsp;</texto>
		<texto>O RIPng apresenta como uma das principais mudanças em seu funcionamento o suporte aos prefixos e ao tamanho dos endereços IPv6.
&nbsp;</texto>
		<texto>E por tratar-se de um protocolo específico do IPv6, utiliza o como endereço de destino para mensagens RIP <I>Update</I> o endereço <I>multicast</I> <B><I> All RIP Routers</I> (FF02::9)</B>
&nbsp;</texto>
	</textos_box>
	<textos_tela>
		<texto>O OSPFv3 é um protocolo de roteamento interno do tipo <I>link-state</I>.
&nbsp;</texto>
		<texto>Através do processo de <I>flooding</I>, os roteadores constroem um mapa da rede, utilizado para definir as rotas mais curtas dentro do enlace.
&nbsp;</texto>
		<texto>Este processo consiste na propagação de mensagens <I>Link State Advertisements</I> (LSA), onde cada roteador informa todos os estados dos enlaces que conhece aos roteadores vizinhos.
Com o conjunto das LSAs, todos os roteadores formam um banco de dados de estado do enlace idêntico.
&nbsp;</texto>
	</textos_tela>
	<imagens_tela>
		<imagem img="media/rede_roteadores_2.swf" />
	</imagens_tela>
	
	<sons_tela>
		<som som="mp3/8_1_4_1.mp3" />
		<som som="mp3/8_1_4_2.mp3" />
		<som som="mp3/8_1_4_3.mp3" />
		<som som="mp3/8_1_4_4.mp3" />
		<som som="mp3/8_1_4_5.mp3" />
		<som som="mp3/8_1_4_6.mp3" />
		<som som="mp3/8_1_4_7.mp3" />
	</sons_tela>

</tela>