<?xml version="1.0" encoding="utf-8"?>
<tela>

	<textos_tela>
		<texto><B>O CGI.br e o NIC.br são os responsáveis por este curso e têm se esforçado para disseminar o IPv6 no Brasil. Vamos aprender um pouco sobre eles.</B>
&nbsp;</texto>
	</textos_tela>
	
	<textos_bullets>
		<!--<texto>fomentar o desenvolvimento da Internet no Brasil;
&nbsp;</texto>
		<texto>recomendar padrões e procedimentos relacionados à Internet;
&nbsp;</texto>
		<texto>coletar, organizar e disseminar informações relacionadas a Internet como, por exemplo, indicadores e estatísticas;
&nbsp;</texto>
		<texto>gerenciar os domínios .br a atribuição de números IP no país.
&nbsp;</texto>-->
	</textos_bullets>
	
	<imagens_tela>
		<imagem img="media/logos.swf" />
	</imagens_tela>
	
	<sons_tela>
		<som som="mp3/1_1_4.mp3" />
	</sons_tela>
	
</tela>