<?xml version="1.0" encoding="utf-8"?>
<tela>

	<textos_tela>
		<centro><font size="25"><B>Tunelamento</B></font></centro>
		<texto>A técnica de criação de túneis, ou tunelamento, permite transmitir pacotes IPv6 através da infra-estrutura IPv4 já existente, sem a necessidade de realizar qualquer mudança nos mecanismos de roteamento, encapsulando o conteúdo do pacote IPv6 em um pacote IPv4.
&nbsp;</texto>
		<texto>A utilização do protocolo 41 é comum em algumas técnicas de tunelamento, como 6to4, <I>Intra-Site Automatic Tunnel Addressing Protocol (ISATAP) e Tunnel Broker</I>.
&nbsp;</texto>	
	</textos_tela>
	
	<textos_bullets>
        <texto>De uma forma geral, o funcionamento de um túnel é bem simples. O nó de entrada do túnel, cria um cabeçalho IPv4 com o pacote IPv6 encapsulado e o transmite através da rede IPv4. Este processo de encapsulamento, conhecido como 6in4, é identificado como protocolo do tipo 41.
&nbsp;</texto>	
		<texto>A utilização do protocolo 41 é comum em algumas técnicas de tunelamento, como 6to4, <I>Intra-Site Automatic Tunnel Addressing Protocol (ISATAP) e Tunnel Broker</I>.
&nbsp;</texto>	
	</textos_bullets>
	
	<imagens_tela>
		<imagem img="media/tunelamento.swf" />
	</imagens_tela>
	
	<sons_tela>
		<som som="mp3/no_sound.mp3" />
		<som som="mp3/9_1_9_1.mp3" />
		<som som="mp3/9_1_9_2.mp3" />
		<som som="mp3/9_1_9_3.mp3" />
	</sons_tela>
</tela>