<?xml version="1.0" encoding="utf-8"?>
<tela>
	<textos_tela>
		<texto>Com todas essas mudanças, é preciso entender que o IPv6 não é somente um upgrade de IP.
&nbsp;</texto>
		<texto>Ele é um <B>protocolo novo</B>, com características e funcionalidades novas.
&nbsp;</texto>
		<texto>Por isso, para a sua implantação, serão necessárias algumas mudanças, em especial nos equipamentos de redes.
&nbsp;</texto>
		<texto>Roteadores</texto>
		<texto>Switches</texto>
		<texto>Firewalls</texto>
		<texto>As mudanças também deverão ocorrer nos Sistemas Operacionais e nos programas de computadores em geral.
&nbsp;</texto>
		<texto>Os principais programas e Sistemas Operacionais, no entanto, já suportam o IPv6.
&nbsp;</texto>		
	</textos_tela>	
	
	<imagens_tela>		
		<imagem img="media/seta_ipv6.swf" />
		<imagem img="media/pc_dir.swf" />
		<imagem img="media/pc_esq.swf" />
		<imagem img="media/roteador_firewal_switch.swf" />
	</imagens_tela>
	
	<sons_tela>
		<som som="mp3/2_1_32_1.mp3" />
		<som som="mp3/2_1_32_2.mp3" />
		<som som="mp3/2_1_32_3.mp3" />
		<som som="mp3/no_sound.mp3" />
		<som som="mp3/no_sound.mp3" />
		<som som="mp3/no_sound.mp3" />
		<som som="mp3/2_1_32_4.mp3" />
		<som som="mp3/no_sound.mp3" />
	</sons_tela>
	
</tela>