<?xml version="1.0" encoding="utf-8"?>
<tela>
	<textos_tela>
		<texto>OSPFv3 é uma versão do protocolo exclusivamente IPv6.
&nbsp;</texto>
		<texto>Com isso, algumas alterações ocorreram em relação a versão do OSPFv2:
&nbsp;</texto>
	</textos_tela>
	<textos_bullets>
		<texto>Foram criados novos tipos de LSAs e algumas foram alteradas;
&nbsp;</texto>
		<texto>No OSPFv3 a autenticação foi retirada, contado apenas com a autenticação do IPv6;
&nbsp;</texto>
		<texto>No IPv4, o OSPF conecta interfaces por sub-rede, no OSPFv3 para IPv6 isso é feito por <I>enlace</I>;
&nbsp;</texto>
		<texto>Um único <I>enlace</I> pode ter múltiplas instâncias do OSPFv3 sendo executadas;
&nbsp;</texto>
		<texto>Os pacotes OSPF usam um endereço <I>link-local</I> como endereço de origem;
&nbsp;</texto>
		<texto>São utilizados os seguintes endereços <I>multicast</I>:
&nbsp;</texto>
		<texto><I>AllSPFRouter </I>(<B>FF02::5</B>)‏
&nbsp;</texto>
		<texto><I>AllDRouters </I>(<B>FF02::6</B>)‏
&nbsp;</texto>
	</textos_bullets>
	
	<sons_tela>
		<som som="mp3/8_1_5_1.mp3" />
		<som som="mp3/8_1_5_2.mp3" />
		<som som="mp3/8_1_5_3.mp3" />
		<som som="mp3/8_1_5_4.mp3" />
		<som som="mp3/8_1_5_5.mp3" />
		<som som="mp3/8_1_5_6.mp3" />
		<som som="mp3/8_1_5_7.mp3" />
		<som som="mp3/8_1_5_8.mp3" />
		<som som="mp3/8_1_5_9.mp3" />
		<som som="mp3/8_1_5_10.mp3" />
	</sons_tela>

</tela>