<?xml version="1.0" encoding="utf-8"?>
<tela>
	<textos_tela>
		<texto><B>Descoberta de Endereços da Camada de Enlace</B>
&nbsp;</texto>
		<texto>Esta característica do protocolo Descoberta de Vizinhança substitui, no IPv6, o protocolo ARP do IPv4, utilizando no lugar de um endereço <I>broadcast</I>, o endereço <I>multicast solicited-node</I> como endereço de destino.
&nbsp;</texto>
	</textos_tela>

	<sons_tela>
		<som som="mp3/no_sound.mp3" />
		<som som="mp3/6_1_12.mp3" />
	</sons_tela>

</tela>