<?xml version="1.0" encoding="utf-8"?>
<tela>
	<textos_tela>
		<texto>Em um pacote de dados, o cabeçalho ICMPv6 é precedido pelos cabeçalhos de extensão, se houver, e pelo cabeçalho base do IPv6, sendo identificado no campo Próximo Cabeçalho pelo valor 58.
&nbsp;</texto>	
		<texto>Sua estrutura geral é bem simples e igual nos dois tipos de mensagens.
&nbsp;</texto>
		<texto>Clique em cada um dos campos do cabeçalho ICMP, para conhecer sua definição.
&nbsp;</texto>	
	</textos_tela>
	<textos_pops>
		<texto>O campo Tipo indica, como o próprio nome diz, o tipo da mensagem. Seu tamanho é de oito bits.
&nbsp;</texto>		
		<texto>O campo Código oferece algumas informações adicionais para determinados tipos de mensagens. Também possui oito bits de tamanho.
&nbsp;</texto>
		<texto>O campo Soma de Verificação, é utilizado para detectar dados corrompidos no cabeçalho ICMPv6 e em parte do cabeçalho IPv6. Seu tamanho é de 16 bits.
&nbsp;</texto>
		<texto>No campo Dados, são apresentadas as informações de diagnóstico e erro de acordo com o tipo de mensagem. Seu tamanho pode variar de acordo com a mensagem.
&nbsp;</texto>
	</textos_pops>
	
	<imagens_tela>
		<imagem img="media/tabela_6_1_4.swf" />
		<imagem img="media/tabela_6_1_4_1.swf" />
	</imagens_tela>
	
	<sons_tela>
		<som som="mp3/6_1_4_1.mp3" />
		<som som="mp3/6_1_4_2.mp3" />
		<som som="mp3/6_1_4_3.mp3" />
	</sons_tela>
</tela>