<?xml version="1.0" encoding="utf-8"?>
<tela>

	<textos_tela>
		<centro><B>Seja bem-vindo</B>
&nbsp;</centro>
		<texto><B>Este módulo será dividido em 3 partes:</B>
&nbsp;</texto>
		<texto>O funcionamento da Internet e o IP;
&nbsp;</texto>
		<texto>O esgotamento dos endereços IP;
&nbsp;</texto>
		<texto>O IPv6.
&nbsp;</texto>
	</textos_tela>
	
	<textos_bullets>
		<centro><B>Ao concluir este módulo, você:</B>
&nbsp;</centro>
		<texto>será capaz de entender o que é uma rede de computadores, o que é um protocolo e o que é a Internet, do ponto de vista tecnológico;
&nbsp;</texto>
		<texto>compreenderá a função do protocolo IP e dos endereços IP na Internet;
&nbsp;</texto>
		<texto>terá consciência de que os endereços IP livres na Internet estão se esgotando, entenderá porque isso é um grave problema e quais são suas causas;
&nbsp;</texto>
		<texto>compreenderá que o IPv6 é a solução para o esgotamento do IPv4 e conhecerá algumas de suas principais características.
&nbsp;</texto>
	</textos_bullets>
	
	<sons_tela>
		<som som="mp3/2_1_1_1.mp3" />
		<som som="mp3/5_1_1_2.mp3" />
		<som som="mp3/2_1_1_7.mp3" />
		<som som="mp3/2_1_1_7_1.mp3" />
		<som som="mp3/2_1_1_8.mp3" />
		<som som="mp3/2_1_1_9.mp3" />
		<som som="mp3/2_1_1_2.mp3" />
		<som som="mp3/2_1_1_3.mp3" />
		<som som="mp3/2_1_1_4.mp3" />
		<som som="mp3/2_1_1_5.mp3" />
	</sons_tela>
	
</tela>