<?xml version="1.0" encoding="utf-8"?>
<tela>
	<textos_tela>
		<texto>Também podemos destacar diversas iniciativas que buscam incentivar o uso do IPv6.
&nbsp;</texto>
		<texto>Todos os RIRs possuem políticas de estímulo e fomento a adoção do novo protocolo IP nas regiões por eles administradas.
&nbsp;</texto>		
		<texto>O LACNIC, RIR que atua na América Latina e Caribe, tem se destacado coordenando diversas iniciativas para a adoção do IPv6 com atividades de divulgação e educação como:
&nbsp;</texto>
	</textos_tela>
	<textos_bullets>
		<texto>Desenvolvimento de um sítio <I>web</I> sobre o tema;
&nbsp;</texto>
		<texto>O Grupo de Trabalho LAC TF IPv6 (IPv6 <I>Task Force for Latin America and the Caribbean</I>)‏;
&nbsp;</texto>
		<texto>O Fórum Latino-Americano de IPv6 (FLIP-6);
&nbsp;</texto>
		<texto>O IPv6 <I>Tour</I>.
&nbsp;</texto>
	</textos_bullets>
	
	<imagens_tela>
		<imagem img="media/caixas.swf" />
	</imagens_tela>
	
	<sons_tela>
		<som som="mp3/3_1_10_1.mp3" />
		<som som="mp3/3_1_10_2.mp3" />
		<!--<som som="mp3/3_1_10_3.mp3" />-->
		<som som="mp3/no_sound.mp3" />
		<som som="mp3/3_1_10_4.mp3" />
		<som som="mp3/3_1_10_5.mp3" />
		<som som="mp3/3_1_10_6.mp3" />
		<som som="mp3/3_1_10_7.mp3" />
	</sons_tela>
</tela>