<?xml version="1.0" encoding="utf-8"?>
<tela>
	<textos_tela>
		<texto>No entanto, algumas configurações e comandos operacionais não sofreram grandes alterações.
&nbsp;</texto>
	</textos_tela>
	<textos_bullets>
		<texto>Nos comandos operacionais e de configurações do OSPFv3 basta substituir o identificador <span class="command">ospf</span> por <span class="command">ospf3</span>. Exemplo:
&nbsp;</texto>
		<texto><span class="command">show ospf database</span> -> OSPFv2
&nbsp;</texto>
		<texto><span class="command">show ospf3 database</span> -> OSPFv3
&nbsp;</texto>	
		<texto>OSPFv3 Router ID's, Área ID's, e os LSA link-state IDs continuam com o tamanho de 32bits;
&nbsp;</texto>
		<texto>As configurações opcionais do protocolo OSPFv2 ainda são suportadas no OSPFv3.
&nbsp;</texto>
	</textos_bullets>
	
	<sons_tela>
		<som som="mp3/8_1_6_1.mp3" />
		<som som="mp3/8_1_6_2.mp3" />
		<som som="mp3/no_sound.mp3" />
		<som som="mp3/no_sound.mp3" />
		<som som="mp3/8_1_6_3.mp3" />
		<som som="mp3/8_1_6_4.mp3" />
	</sons_tela>

</tela>