<?xml version="1.0" encoding="utf-8"?>
<tela>

	<textos_tela>
		<texto>Outro aspecto do encaminhamento de pacotes em que o IPv6 difere do IPv4, é em relação ao envio de pacotes conhecidos como <I>jumbograms.</I>
&nbsp;</texto>
		<texto>No IPv4, o limite para o tamanho dos pacotes é de 64KB. No entanto, o IPv6 apresenta a opção do Cabeçalho de Extensão <I>Hop-By-Hop</I> chamada <I>Jumbo Payload.</I>
&nbsp;</texto>
		<texto>Esta opção permitir envio de pacotes IPv6 com cargas úteis entre 65.536 e 4.294.967.295 Bytes de comprimento, os jumbograms. 
&nbsp;</texto>
		<texto>Ao enviar estes pacotes, o cabeçalho IPv6 trará os campos Tamanho dos Dados e Próximo Cabeçalho com valor zero. Este último indicará que as opções do Cabeçalho de Extensão <I>Hop-By-Hop</I> devem ser processadas pelos nós, o que permitirá o cálculo do tamanho dos <I>jumbograms.</I> 
&nbsp;</texto>
	</textos_tela>
	
	<textos_bullets>
		<texto></texto>
	</textos_bullets>
	
	<imagens_tela>
		<imagem img="media/menu_objetivos.swf" />
	</imagens_tela>
	
	<sons_tela>
		<som som="mp3/6_2_6_1.mp3" />
		<som som="mp3/6_2_6_2.mp3" />
		<som som="mp3/6_2_6_3.mp3" />
		<som som="mp3/6_2_6_4.mp3" />
	</sons_tela>
	
</tela>