<?xml version="1.0" encoding="utf-8"?>
<tela>
	<textos_tela>
		<texto>A representação dos prefixos de rede continua sendo escrita do mesmo modo que no IPv4, utilizando a notação CIDR.
&nbsp;</texto>
		<texto>Esta notação é representada da forma "endereço-IPv6/tamanho do prefixo", onde "tamanho do prefixo" é um valor decimal que especifica a quantidade de bits contíguos à esquerda do endereço que compreendem o prefixo.
&nbsp;</texto>
		<texto><B>Observe os exemplos a seguir:</B>
&nbsp;</texto>
	</textos_tela>
	<textos_pops>
		<texto>Esta representação possibilita a agregação dos endereços de forma hierárquica, identificando a topologia da rede através de parâmetros como posição geográfica, provedor de acesso, identificação da rede, divisão da sub-rede, etc. Com isso, é possível diminuir o tamanho da tabela de roteamento e agilizar o encaminhamento dos pacotes.
&nbsp;</texto>		
	</textos_pops>

	<imagens_tela>
		<imagem img="media/ip.swf" />
	</imagens_tela>

	<sons_tela>
		<som som="mp3/5_1_8_1.mp3" />
		<som som="mp3/5_1_8_2.mp3" />
	</sons_tela>
</tela>