<?xml version="1.0" encoding="utf-8"?>
<tela>

	<textos_tela>
		<texto>O CGI.br - Comitê Gestor da Internet no Brasil - é a principal entidade relacionada à Governança da Internet no país e tem como objetivos:
</texto>
	</textos_tela>
	
	<textos_bullets>
		<texto>fomentar o desenvolvimento da Internet no Brasil;
&nbsp;</texto>
		<texto>recomendar padrões e procedimentos relacionados à Internet;
&nbsp;</texto>
		<texto>coletar, organizar e disseminar informações relacionadas a Internet como, por exemplo, indicadores e estatísticas;
&nbsp;</texto>
		<texto>gerenciar os domínios .br e a atribuição de números IP no país.
&nbsp;</texto>
	</textos_bullets>
	
	<imagens_tela>
		<imagem img="media/logo.swf" />
	</imagens_tela>
	
	<sons_tela>
		<som som="mp3/1_1_5_1.mp3" />
		<som som="mp3/1_1_5_2.mp3" />
		<som som="mp3/1_1_5_3.mp3" />
		<som som="mp3/1_1_5_4.mp3" />
		<som som="mp3/1_1_5_5.mp3" />
	</sons_tela>
	
</tela>