<?xml version="1.0" encoding="utf-8"?>
<tela>
	<textos_tela>
		<texto>O ICMPv6 apresenta uma quantidade maior de mensagens que a versão utilizada com o IPv4.
&nbsp;</texto>
		<texto>Isto ocorre, porque além das funções básicas atribuídas ao ICMP, o ICMPv6 também passa a incorporar as funções de outros protocolos como ARP/RARP (<I>Address Resolution Protocol - Reverse Address Resolution Protocol</I>) e IGMP (<I>Internet Group Management Protocol</I>) por exemplo, sendo essencial em serviços do IPv6 como:
&nbsp;</texto>
	</textos_tela>
	
	<textos_bullets>
		<texto>Descoberta de Vizinhança
&nbsp;</texto>
		<texto>Gerenciamento de Grupos <I>Multicast</I>
&nbsp;</texto>
		<texto>Mobilidade IPv6
&nbsp;</texto>
		<texto>Descoberta do <I>Path</I> MTU
&nbsp;</texto>
	</textos_bullets>
	
	<sons_tela>
		<som som="mp3/6_1_5_1.mp3" />
		<som som="mp3/6_1_5_2.mp3" />
		<som som="mp3/6_1_5_3.mp3" />
		<som som="mp3/6_1_5_4.mp3" />
		<som som="mp3/6_1_5_5.mp3" />
		<som som="mp3/6_1_5_6.mp3" />
	</sons_tela>
</tela>