<?xml version="1.0" encoding="utf-8"?>
<tela>
	<textos_tela>
		<texto>Estes campos são destinados a transmitir informações sobre:
&nbsp;</texto>	
	</textos_tela>
	
	<textos_bullets>
		<texto>a versão do protocolo;
&nbsp;</texto>
		<texto>o tamanho do cabeçalho e dos dados;
&nbsp;</texto>
		<texto>a fragmentação;
&nbsp;</texto>
		<texto>o tipo de dados;
&nbsp;</texto>
		<texto>o tempo de vida do pacote;
&nbsp;</texto>
		<texto>o protocolo da camada seguinte (TCP, UDP, ICMP);
&nbsp;</texto>
		<texto>a integridade dos dados;
&nbsp;</texto>
		<texto>a origem e o destino do pacote.
&nbsp;</texto>
	</textos_bullets>
	
	<imagens_tela>
		<imagem img="media/tabela2.swf" />
	</imagens_tela>
	
	<sons_tela>
		<!--<som som="mp3/4_1_4_1.mp3" />-->
		<som som="mp3/no_sound.mp3" />
		<som som="mp3/4_1_4_2.mp3" />
		<som som="mp3/4_1_4_3.mp3" />
		<som som="mp3/4_1_4_4.mp3" />
		<som som="mp3/4_1_4_5.mp3" />
		<som som="mp3/4_1_4_6.mp3" />
		<som som="mp3/4_1_4_7.mp3" />
		<som som="mp3/4_1_4_8.mp3" />
		<som som="mp3/4_1_4_9.mp3" />
	</sons_tela>

</tela>