<?xml version="1.0" encoding="utf-8"?>
<tela>
	<textos_tela>
		<texto>Estas técnicas de transição podem ser classificados nas seguintes categorias:
&nbsp;</texto>
	</textos_tela>
	
	<textos_bullets>
		<texto></texto>
		<texto><P align="center"><B>Pilha Dupla</B></P>&nbsp;
Provê o suporte a ambos os protocolos no mesmo dispositivo.
&nbsp;</texto>
		<texto><P align="center"><B>Tunelamento</B></P>&nbsp;
Permite o trafego de pacotes IPv6 sobre estruturas de rede IPv4, ou o inverso.
&nbsp;</texto>
		<texto><P align="center"><B>Tradução</B></P>&nbsp;
Permite a comunicação entre nós com suporte apenas a IPv6 com nós que suportem apenas IPv4 e vice-versa.
&nbsp;</texto>
	</textos_bullets>
	
	<imagens_tela>
		<imagem img="media/menu_objetivos.swf" />
	</imagens_tela>
	
	<sons_tela>
		<som som="mp3/9_1_4_1.mp3" />
		<som som="mp3/9_1_4_2.mp3" />
		<som som="mp3/9_1_4_3.mp3" />
		<som som="mp3/9_1_4_4.mp3" />
	</sons_tela>
</tela>