<?xml version="1.0" encoding="utf-8"?>
<tela>
	<textos_tela>
		<texto>Entre esses novos mecanismos, destaca-se o IPSec (<I>IP Security</I>), um protocolo que implementa criptografia e autenticação de pacotes na camada de rede, fornecendo uma solução de segurança fim-a-fim, garantindo a integridade, confidencialidade e autenticidade dos dados.
&nbsp;</texto>
		<texto>O IPSec foi criado originalmente para ser usado em conjunto com o IPv4, entretanto, seu mecanismo de autenticação não pode ser utilizado em conexões que estejam atrás de NAT, que  "esconde" o endereço IP original do emissor dos pacotes impedindo sua identificação.
&nbsp;</texto>
		<texto></texto>	
	</textos_tela>
	<textos_bullets>
		<texto>fomentar o desenvolvimento da Internet no Brasil;</texto>
		<texto>recomendar padrões e procedimentos relacionados à Internet;</texto>
		<texto>coletar, organizar e disseminar informações relacionadas a Internet como, por exemplo, indicadores e estatísticas;</texto>
		<texto>gerenciar os domínios .br a atribuição de números IP no país.</texto>
	</textos_bullets>
	
	<imagens_tela>
		<imagem img="media/logo.swf" />
	</imagens_tela>
	
	<sons_tela>
		<som som="mp3/7_1_3_1.mp3" />
		<som som="mp3/7_1_3_2.mp3" />
	</sons_tela>
</tela>