<?xml version="1.0" encoding="utf-8"?>
<tela>
	<textos_tela>
		<texto><font size="25"><B>CIDR</B>.</font></texto>
		<texto></texto>
		<texto>Contudo, os módulos:</texto>
		<texto>são também adequados a um público mais diverso, sem conhecimentos técnicos, como usuários Internet, gestores e interessados em geral. Eles foram escritos numa linguagem simplificada, evitando termos técnicos, ou explicando-os, quando preciso.</texto>
		<texto>Os demais módulos requerem o conhecimento técnico dos conceitos básicos de Internet e redes.</texto>	
	</textos_tela>
	<textos_bullets>
		<texto><B>Eliminou o sistema de classes</B>, permitindo alocar <B>blocos de endereços</B> de tamanhos que variavam de acordo com a necessidade.</texto>
		<texto>Possibilitou um <B>uso mais racional</B> do espaço para endereçamento.</texto>	
		<texto>Tornou possível a agregação de prefixos nas <B>tabelas de roteamento</B>, cujo crescimento também estava acelerado.</texto>		
	</textos_bullets>
	
	<imagens_tela>
		<imagem img="media/menu_cidr_alvo.swf" />
	</imagens_tela>
</tela>