<?xml version="1.0" encoding="utf-8"?>
<tela>
	<textos_box>
		<texto><B>Redirecionamento</B>
&nbsp;</texto>
		<texto>Mensagens <I>Redirection</I> são enviadas por roteadores para redirecionar um <I>host</I> automaticamente a um roteador mais apropriado ou para informar ao <I>host</I> que o destino encontra-se no mesmo enlace. Este mecanismo é igual ao que existe no IPv4.
&nbsp;</texto>
	</textos_box>
	
	<textos_tela>
		<centro>Pacote IPv6
&nbsp;</centro>
	</textos_tela>
	
	<textos_tela>
		<texto>ICMPv6 type 137 (<I>Redirect</I>)
&nbsp;</texto>
		<texto>Origem - Endereço <I>Link-local</I> do roteador A
&nbsp;</texto>
		<texto>Destino - Endereço <I>Link-local</I> do computador C
&nbsp;</texto>
		<texto>Informação - Endereço <I>Link-local</I> do roteador B
&nbsp;</texto>
	</textos_tela>
	
	<textos_tela>
		<centro>Pacotes IPv6 subsequentes
&nbsp;</centro>
	</textos_tela>
	
	<imagens_tela>
		<imagem img="media/dados_frag2.swf" />
	</imagens_tela>
	
	<sons_tela>
		<som som="mp3/6_1_17_1.mp3" />
		<som som="mp3/6_1_17_2.mp3" />
	</sons_tela>
	
	
</tela>