<?xml version="1.0" encoding="utf-8"?>
<tela>
	<textos_tela>
		<texto><B>Detecção de Endereços Duplicados</B>
&nbsp;</texto>
		<texto>No IPv4, os nós utilizam mensagens <I>ARP Request</I> e um método chamado <I>gratuitous ARP</I> para detectar endereços <I>unicast</I> duplicados dentro do mesmo enlace, definindo os campos <I>Source Protocol Address</I> e <I>Target Protocol Address</I>, do cabeçalho da mensagem <I>ARP Request</I>, com o endereço IPv4 que está sendo verificado.
&nbsp;</texto>
		<texto>Este mecanismo consiste no envio de uma mensagem <I>Neighbor Solicitation</I> pelo <I>host</I>, com o campo <I>target address</I> preenchido com seu próprio endereço. Caso alguma mensagem <I>Neighbor Advertisement</I> seja recebida em resposta à mensagem <I>Neighbor Solicitation</I>, isso indicará que o endereço já está sendo utilizado e o processo de configuração deve ser interrompido.
&nbsp;</texto>
	</textos_tela>
	<textos_bullets>
	</textos_bullets>
	
	<imagens_tela>
		<imagem img="media/menu_objetivos.swf" />
	</imagens_tela>
	
	<sons_tela>
		<som som="mp3/6_1_15_1.mp3" />
		<som som="mp3/6_1_15_2.mp3" />		
	</sons_tela>
</tela>