<?xml version="1.0" encoding="utf-8"?>
<tela>
	<textos_tela>
		<texto>Contudo, assim como no IPv4, práticas simples podem evitar a ocorrência da maioria dos problemas de segurança.
&nbsp;</texto>
		<texto>Clique na imagem acima para ver algumas dessas práticas.</texto>
	</textos_tela>
	
	<textos_pop>
		<texto>Implementar corretamente o IPSec;</texto>
		<texto>Filtrar nos roteadores de borda endereços IPv6 internos;</texto>
		<texto>Filtrar as mensagens ICMPv6 seletivamente;</texto>
		<texto>Filtrar a entrada de pacotes com endereços de origem <I>multicast</I>;</texto>
		<texto>Utilizar mecanismos tradicionais de autenticação em roteadores de borda e IPSec em roteadores internos;
&nbsp;</texto>
		<texto>Utilizar pilha dupla na migração, protegendo as duas pilhas com <I>firewall</I>;</texto>
		<texto>Dar preferência aos túneis estáticos, no lugar dos automáticos;</texto>
		<texto>Permitir a entrada de tráfego apenas de túneis autorizados.</texto>
	</textos_pop>
	
	<imagens_tela>
		<imagem img="media/firewall.swf" />		
	</imagens_tela>
	
	
	<sons_tela>
		<som som="mp3/7_1_16_1.mp3" />
		<som som="mp3/7_1_16_2.mp3" />
	</sons_tela>
	
	
</tela>