<?xml version="1.0" encoding="utf-8"?>
<tela>
	<textos_tela>
		<texto><B>Neste módulo aprendemos que:</B>
		&nbsp;</texto>
		<texto>O espaço para endereçamento do cabeçalho IPv6 possui agora 128 bits, permitindo gerar 3,4 x 1038 endereços distintos, uma quantidade extremamente superior ao IPv4;
		&nbsp;</texto>	
		<texto>Os endereços IPv6 são representados por oito grupos de 16 bits, separando-os por ":", escritos com dígitos hexadecimais;
		&nbsp;</texto>
		<texto>Para permitir uma agregação hierárquica dos endereços, e assim diminuir o tamanho da tabela de roteamento, a representação dos prefixos de rede é escrita utilizando a notação CIDR, da forma "endereço-IPv6/tamanho do prefixo";
		&nbsp;</texto>
		<texto>Existem no IPv6 três tipos de endereços definidos: <I>unicast</I>, <I>anycast</I> e <I>multicast</I>;
		&nbsp;</texto>
		<texto>Os endereços <I>unicast</I> identificam apenas uma única interface e que podem ser dos seguintes tipos: Global, Link-local, Unique-local, IPv4 mapeado em IPv6, Loopback e Unspecified;
		&nbsp;</texto>
		<texto>Os endereços <I>anycast</I> identificam um grupo de interfaces enviado os pacotes apenas para a interface deste grupo mais próxima da origem;
		&nbsp;</texto>
		<texto>Os endereços <I>multicast</I> também identificam um grupo de interfaces, porém, enviam os pacotes para todas as interfaces do grupo, e que seu suporte é obrigatório em todos os nós IPv6;
		&nbsp;</texto>
		<texto>No IPv6 é possível atribuir a uma única interface múltiplos endereços, independentemente do seu tipo.
		&nbsp;</texto>
</tela>