<?xml version="1.0" encoding="utf-8"?>
<tela>
	<textos_tela>
		<texto>Os <B>32 bits</B> dos endereços <B>IPv4</B> são divididos em quatro grupos de <B>8 bits</B> cada, separados por  <B>"."</B>, escritos com dígitos <B>decimais</B>.
<font size="20" color="#000000"><B>192.168.10.1</B></font>
&nbsp;</texto>
		<texto>A representação dos endereços <B>IPv6</B>, divide o endereço em oito grupos de <B>16 bits</B>, separando-os por  <B>":"</B>, escritos com dígitos <B>hexadecimais</B>:
<font size="20" color="#000000"><B>2001:0DB8:AD1F:25E2:DFA1:F0C4:5311:84C1</B></font>
&nbsp;</texto>
	</textos_tela>

	<imagens_tela>
		<imagem img="media/ipv4_6_2.swf" />
	</imagens_tela>

	<sons_tela>
		<som som="mp3/5_1_6_1.mp3" />
		<som som="mp3/5_1_6_2.mp3" />
	</sons_tela>
</tela>