<?xml version="1.0" encoding="utf-8"?>
<tela>

	<textos_tela>
		<texto>Hoje em dia, toda a estrutura da Internet está baseada na versão 4 do protocolo IP. Deste modo uma troca imediata de protocolo torna-se inviável, dado o tamanho e a proporção que esta rede possui.</texto>
		<texto>Com isso, para que a adoção do IPv6 seja bem sucedida, é necessário que ela seja realizada de forma gradual e transparente para a maioria dos usuários.</texto>
	</textos_tela>
	
	<imagens_tela>
		<imagem img="" />
	</imagens_tela>
	
	<sons_tela>
		<som som="mp3/9_1_2_1.mp3" />
		<som som="mp3/9_1_2_2.mp3" />
	</sons_tela>
	
</tela>