<?xml version="1.0" encoding="utf-8"?>
<tela>

	<textos_tela>
		<texto>Idealizado pela comunidade acadêmica, por alguns setores da sociedade civil e pelo governo, o CGI.br foi criado por iniciativa deste último, em 1995.
&nbsp;</texto>
		<texto>É formado por gente do próprio governo e por voluntários de outros setores, com visões diferentes e complementares sobre a Internet: representantes de usuários, provedores, indústria de software, academia e terceiro setor compõem o grupo.
&nbsp;</texto>
		<texto>O CGI.br configura-se como um fórum amplo e representativo  para discutir as questões relativas à Internet no Brasil e influenciar positivamente seu desenvolvimento.
&nbsp;</texto>
	</textos_tela>
	
	<textos_bullets>
		<texto>fomentar o desenvolvimento da Internet no Brasil;</texto>
		<texto>recomendar padrões e procedimentos relacionados à Internet;</texto>
		<texto>coletar, organizar e disseminar informações relacionadas a Internet como, por exemplo, indicadores e estatísticas;</texto>
		<texto>gerenciar os domínios .br a atribuição de números IP no país.</texto>
	</textos_bullets>
	
	<imagens_tela>
		<imagem img="media/logo.swf" />
	</imagens_tela>
	
	<sons_tela>
		<som som="mp3/1_1_6_1.mp3" />
		<som som="mp3/1_1_6_2.mp3" />
		<som som="mp3/1_1_6_3.mp3" />
	</sons_tela>
	
</tela>