<?xml version="1.0" encoding="utf-8"?>
<tela>
	<textos_tela>
		<texto>Em relação às MIBs, é necessário que estas sejam capazes de recolher informação sobre a rede IPv6.
&nbsp;</texto>
	</textos_tela>
	<textos_box>
		<texto>Em 1998, uma abordagem foi definida apenas para endereços IPv6, possibilitando gerenciar redes baseadas no novo protocolo sem a necessidade de se alterar as MIBs já existentes. No entanto, era necessário implantar uma MIB para cada protocolo.
&nbsp;</texto>
		<texto>Com isso, em 2006 elaborou-se uma MIB unificada, criando um único conjunto de objetos capaz de descrever e gerenciar  módulos IP de forma independente do protocolo.
&nbsp;</texto>
	</textos_box>
	<imagens_tela>
		<imagem img="media/fluxo_AS.swf" />
	</imagens_tela>
	
	<sons_tela>
		<som som="mp3/8_1_12_1.mp3" />
		<som som="mp3/8_1_12_2.mp3" />
		<som som="mp3/8_1_12_3.mp3" />
	</sons_tela>

</tela>