<?xml version="1.0" encoding="utf-8"?>
<tela>
	<textos_tela>
		<texto>A nova estrutura dos endereços IPv6 apresenta outro aspecto que pode ser considerado uma melhora no quesito segurança.
Devido a grande quantidade de endereços possíveis com o novo protocolo IP, "varrer" (<I>scanning</I>) toda a faixa de endereços de uma rede em busca de computadores para explorar suas falhas de segurança tornou-se praticamente impossível.
</texto>
		<texto>Analise este simples exemplo:
&nbsp;</texto>
		<!-- <texto><B>Com uma mascara padrão /64, são possíveis 264 endereços por sub-rede.</B>
Deste modo, se fosse possível percorrer 1 milhão de endereços por segundo, seria preciso aproximadamente 540.000 anos para percorrer toda a sub-rede.
&nbsp;</texto>	
		<texto><font size="25" color="#989898"><B>2001:0DB8:5001:1001:0000:0000:0000:0001</B></font></texto> -->
	</textos_tela>
	<textos_bullets>
		<texto>fomentar o desenvolvimento da Internet no Brasil;</texto>
		<texto>recomendar padrões e procedimentos relacionados à Internet;</texto>
		<texto>coletar, organizar e disseminar informações relacionadas a Internet como, por exemplo, indicadores e estatísticas;</texto>
		<texto>gerenciar os domínios .br a atribuição de números IP no país.</texto>
	</textos_bullets>
	
	<imagens_tela>
		<imagem img="media/logo.swf" />
	</imagens_tela>
	
	<sons_tela>
		<som som="mp3/7_1_12_1.mp3" />
		<som som="mp3/7_1_12_2.mp3" />
		<som som="mp3/7_1_12_3.mp3" />		
	</sons_tela>
</tela>