<?xml version="1.0" encoding="utf-8"?>
<tela>
	<textos_tela>
		<texto><B>Descoberta de Endereços da Camada de Enlace</B>
&nbsp;</texto>
		<texto>Esta funcionalidade é utilizado para determinar o endereço MAC dos vizinhos do mesmo enlace, onde um host envia uma mensagem Neighbor Solicitation informando no campo de Dados seu endereço MAC e também solicitando o endereço MAC do vizinho. Ao receber a mensagem, o vizinho a responde enviando uma mensagem Neighbor Advertisement informando seu endereço MAC.
&nbsp;</texto>
        <texto><B>ICMPv6 type 135 (Neighbor Solicitation)
Origem - A
Destino - Multicast solicited-node
Informação - Endereço Link layer de A</B>
&nbsp;</texto>
		<texto></texto>	
		<texto></texto>
	</textos_tela>
	<textos_bullets>
		<texto>fomentar o desenvolvimento da Internet no Brasil;</texto>
	</textos_bullets>
	
	<imagens_tela>
		<imagem img="media/dados.swf" />
	</imagens_tela>
</tela>