<?xml version="1.0" encoding="utf-8"?>
<tela>
	<textos_tela>
		<texto>Como visto no início deste curso, a distribuição de endereços IP é feita de forma hierárquica. Com os blocos IPv6 esta divisão acontece do seguinte modo:
&nbsp;</texto>
		<texto>Cada RIR recebe da IANA um bloco /12;
&nbsp;</texto>
		<texto>Os provedores recebem dos RIRs blocos /32.
&nbsp;</texto>
		<texto>Os provedores devem entregar aos seus clientes blocos variando entre /48 e /56, dependendo de suas necessidades:
&nbsp;</texto>
		<texto>Um /64 pode ser designado a um usuário se houver certeza de que apenas uma rede atende às suas necessidades. Isso pode ser o caso, por exemplo, de alguns usuários domésticos.
&nbsp;</texto>
	</textos_tela>
	<textos_bullets>
		<texto>Um bloco /48 pode ser dividido em até 65.536 redes diferentes, cada uma com 18.446.744.073.709.551.616 endereços diferentes;
&nbsp;</texto>
		<texto>Um bloco /56 pode ser dividido em até 256 redes diferentes, cada uma com 18.446.744.073.709.551.616 endereços diferentes.
&nbsp;</texto>
	</textos_bullets>
	
	<imagens_tela>
		<imagem img="media/caixas.swf" />
	</imagens_tela>
	
	<sons_tela>
		<som som="mp3/3_1_7_1.mp3" />
		<som som="mp3/3_1_7_2.mp3" />
		<som som="mp3/3_1_7_3.mp3" />
		<som som="mp3/3_1_7_4.mp3" />
		<som som="mp3/3_1_7_5.mp3" />
		<som som="mp3/3_1_7_6.mp3" />
		<som som="mp3/3_1_7_7.mp3" />
	</sons_tela>
</tela>