<?xml version="1.0" encoding="utf-8"?>
<tela>
	<textos_tela>
		<texto>A implantação dessa técnica em uma rede, exige a análise de alguns aspectos relacionados a mudanças em sua infraestrutura como:
&nbsp;</texto>	
	</textos_tela>

	<textos_pops>
		<texto><B>DNS</B>
É recomendado que servidores de DNS estejam habilitados a resolver nomes e endereços tanto IPv4, quanto IPv6.
&nbsp;</texto>
		<texto><B>Protocolos de roteamento</B>
Na configuração do roteamento IPv6, que normalmente é independente da configuração do roteamento IPv4, caso a rede onde será implementada a Pilha Dupla utilize um protocolo de roteamento interno com suporte apenas ao IPv4, OSPFv2 por exemplo, será necessário migrar para um protocolo de roteamento que suporte tanto IPv6 quanto IPv4, como IS-IS, ou forçar a execução de um IS-IS ou OSPFv3 paralelamente com o OSPFv2.
&nbsp;</texto>		
		<texto><B>Firewall</B>
A filtragem dos pacotes que trafegam na rede pode depender da plataforma que se estiver utilizando. Em alguns Sistemas Operacionais, os filtros de pacotes são totalmente independentes, não compartilhando nenhuma configuração, em outros sistemas, as regras são aplicadas a ambos os protocolos, a menos que se restrinja explicitamente a qual família de protocolo as regras devem ser aplicadas.
&nbsp;</texto>		
	</textos_pops>

	<imagens_tela>
		<imagem img="media/tela9_1_8.swf" />		
	</imagens_tela>
	
	<sons_tela>
		<som som="mp3/9_1_8.mp3" />
	</sons_tela>
</tela>