<?xml version="1.0" encoding="utf-8"?>
<tela>
	<textos_tela>
		<texto>Na representação de um endereço IPv6 é permitido:
&nbsp;</texto>
		<texto>Utilizar caracteres maiúsculos e minúsculos;
&nbsp;</texto>
        <texto>Utilizar regras de abreviação como:
&nbsp;</texto>
        <texto>Omitir os zeros à esquerda;
&nbsp;</texto>
        <texto>Representar os zeros contínuos por "::"
&nbsp;</texto>
        <texto>Exemplo:
&nbsp;</texto>
	</textos_tela>
	<textos_pops>
		<texto>A abreviação de zeros contínuos só pode ser realizada uma única vez, caso contrário poderá haver ambiguidades na representação do endereços.
Por exemplo, o endereço 2001:0000:0000:0058:0000:0000:0000:0320 pode ser abreviado como 2001::58:0:0:0:320 ou 2001:0:0:58::320, e nunca da forma:
<p align="center"><font color="#8E2A17" size="16"><B>2001::58::320</B></font></p>
&nbsp;</texto>		
	</textos_pops>

	<imagens_tela>
		<imagem img="media/tela4_1_8.swf" />
	</imagens_tela>

	<sons_tela>
		<som som="mp3/5_1_7_1.mp3" />
		<som som="mp3/5_1_7_2.mp3" />
		<som som="mp3/5_1_7_3.mp3" />
		<som som="mp3/5_1_7_4.mp3" />
		<som som="mp3/5_1_7_5.mp3" />
	</sons_tela>
</tela>