<?xml version="1.0" encoding="utf-8"?>
<tela>
	<textos_tela>
		<texto>Deste modo, através do IPSec o IPv6 é capaz de garantir:</texto>
		<!-- <texto><font size="50" color="#666666"><B>IPSec</B></font></texto> -->
		<texto>Embora no IPv6 o suporte ao IPSec seja obrigatório, para sua efetiva utilização, ele deve ser habilitado em cada nó pelos administradores de rede ou caberá a cada aplicação definir a utilização ou não do IPSec.
&nbsp;</texto>
	</textos_tela>	
	
		<textos_bullets>
		<texto>que a mensagem recebida não tenha sido adulterada;
&nbsp;</texto>
		<texto>a identidade do remetente;
&nbsp;</texto>
		<texto>que a mensagem não seja entregue diversas vezes;
&nbsp;</texto>
		<texto>a confidencialidade da mensagem, criptografando seu conteúdo.
&nbsp;</texto>
	</textos_bullets>
	
	<imagens_tela>
		<imagem img="media/importante.swf" />		
	</imagens_tela>
	
	<sons_tela>
		<som som="mp3/7_1_5_1.mp3" />
		<som som="mp3/7_1_5_2.mp3" />
		<som som="mp3/7_1_5_3.mp3" />
		<som som="mp3/7_1_5_4.mp3" />
		<som som="mp3/7_1_5_5.mp3" />
		<som som="mp3/7_1_5_6.mp3" />
	</sons_tela>
</tela>