<?xml version="1.0" encoding="utf-8"?>
<tela>
	<textos_tela>
		<texto>Estas mensagens são configuradas com o valor 255 no campo Limite de Roteamento do cabeçalho IPv6. Isso garante que as mensagens recebidas serão originadas de um nó do mesmo enlace, descartando as mensagens com valores diferentes.
&nbsp;</texto>
		<texto>Elas também podem conter, ou não, opções, conforme apresentado na tabela a seguir:
&nbsp;</texto>
	</textos_tela>

	<imagens_tela>
		<imagem img="media/tabela_opcoes.swf" />
	</imagens_tela>

	<sons_tela>
		<som som="mp3/6_1_9_1.mp3" />
		<som som="mp3/6_1_9_2.mp3" />
	</sons_tela>

</tela>