<?xml version="1.0" encoding="utf-8"?>
<tela>
	<textos_tela>
		<texto>O encaminhamento de pacotes para o Nó Móvel pode acontecer de dois modos:
&nbsp;</texto>
	</textos_tela>
	
	<textos_tela>
		<texto>Os pacotes são encaminhados do Nó Correspondente para a Rede de origem.
&nbsp;</texto>
		<texto>O Agente de Origem intercepta esses pacotes e os encaminham ao Nó Móvel, através de um túnel.
&nbsp;</texto>
		<texto>Em seguida, o Nó Móvel responde, através do mesmo túnel, ao Agente de Origem e este envia os pacotes ao Nó Correspondente.
&nbsp;</texto>
		<texto>Neste caso, o Nó Correspondente não necessita ter suporte a mobilidade IPv6 e o Nó Móvel não precisa se registrar no Nó Correspondente.
&nbsp;</texto>
	</textos_tela>
	
	<textos_tela>
		<texto>No modo Otimização de Rota, o Nó Móvel informa diretamente ao Nó Correspondente seu Endereço Remoto, através do procedimento <I>Correspondent Binding</I>.
&nbsp;</texto>
		<texto>O Nó Correspondente armazena a associação entre o Endereço de Origem e o Remoto do Nó Móvel em um <I>cache</I>. A partir dos dados desse <I>cache</I>, a comunicação passa a ser direta, sem utilizar um Agente de Origem.
&nbsp;</texto>
		<texto>Neste caso, o Nó Correspondente precisa ter suporte a mobilidade IPv6.
&nbsp;</texto>
	</textos_tela>
	
	<imagens_tela>
		<imagem img="media/rede_movel1.swf" />
		<imagem img="media/rede_movel2.swf" />
	</imagens_tela>

	<sons_tela>
		<som som="mp3/6_2_19_1.mp3" />
		<som som="mp3/6_2_19_2.mp3" />
		<som som="mp3/6_2_19_3.mp3" />
		<som som="mp3/6_2_19_4.mp3" />
		<som som="mp3/6_2_19_5.mp3" />
		<som som="mp3/6_2_19_6.mp3" />
		<som som="mp3/6_2_19_7.mp3" />
		<som som="mp3/6_2_19_8.mp3" />
	</sons_tela>

</tela>