<?xml version="1.0" encoding="utf-8"?>
<tela>

	<textos_tela>
		<texto>O Comitê Gestor da Internet criou o NIC.br – uma organização sem fins lucrativos – para ajudá-lo a cumprir com suas funções. O Núcleo de Informação e Coordenação do ponto br é o braço executivo do CGI.br.
&nbsp;</texto>	
		<texto>Para mais informações sobre as áreas de atuação do CGI.br e do NIC.br clique no projeto de interesse na imagem cima.
&nbsp;</texto>	
	</textos_tela>
	
	<textos_pops>
		<texto>Os membros atuais e antigos do CGI.br compõem a <B>Assembléia Geral do NIC.br</B> e seu <B>Conselho Administrativo</B> é composto por sete membros: três do governo,  escolhidos entre os componentes do CGI.br, e quatro do setor privado, indicados pelo CGI.br.  Devido a sua constituição, o NIC.br não pode ser dissociado do CGI.br.
&nbsp;</texto>
		<texto>Atuando desde dezembro de 2005, o Núcleo de Informação e Coordenação do Ponto br funciona com uma estrutura onde há quatro diretores e um corpo técnico, que é dividido em cinco núcleos principais: <B>o Registro.br, o CERT.br, o CETIC.br, o CEPTRO.br e o escritório brasileiro do W3C</B>, todos trabalhando ininterruptamente para fomentar o desenvolvimento da Internet no país.
&nbsp;</texto>
		<texto>O GTER – Grupo de Trabalho em Engenharia de Redes – e o GTS – Grupo de Trabalho em Segurança de Redes <B>são fóruns técnicos permanentes</B>, com participação aberta. Funcionam a partir da troca de experiências em listas de email mantidas pelo NIC.br e em dois encontros anuais.
&nbsp;</texto>
		<texto>O Registro.br é responsável <B>pelo registro de nomes</B>, administração e publicação do DNS para o domínio .br. É responsável ainda pela distribuição e administração dos endereços IP no Brasil. Oferece também serviços de engenharia e hospedagem para o LACNIC – Registro de Endereços Internet para a América Latina e Caribe.
&nbsp;</texto>
		<texto>O CERT.br – Centro de Estudos, Resposta e Tratamento de Incidentes de Segurança no Brasil – é responsável por receber, analisar e responder a <B>incidentes de segurança</B> envolvendo redes conectadas à Internet no Brasil.  O CERT.br também promove cursos, edita a Cartilha de Segurança para a Internet, realiza pesquisas com Honeypots e Spampots e mantém o sítio Web Antispam.br.
&nbsp;</texto>
		<texto>O  CETIC.br - Centro de Estudos sobre as Tecnologias da Informação e da Comunicação - é responsável pela <B>produção de indicadores e estatísticas</B> sobre a disponibilidade e uso da Internet no Brasil, divulgando análises e informações periódicas sobre o desenvolvimento da rede no país.
&nbsp;</texto>
		<texto>O CEPTRO.br – Centro de Estudos e Pesquisas em Tecnologia de Redes e Operações –  é responsável por <B>projetos que visam melhorar a qualidade da Internet no Brasil</B> e disseminar seu uso, com especial atenção para seus aspectos técnicos e de infraestrutura. O CEPTRO.br é responsável, por exemplo, pelo PTT Metro, pelo NTP.br e por este curso, no escopo do projeto IPv6.br.
&nbsp;</texto>
		<texto>O W3C - Consórcio World Wide Web - <B>desenvolve tecnologias interoperáveis (especificações, manuais, software e ferramentas)</B> para levar a utilização da rede mundial da Internet ao seu potencial pleno. Mais de 80 padrões foram já publicados, como HTML, XML, XHTML e CSS. O W3C no Brasil promove palestras, traduz para o português os principais documentos e mantém um fórum aberto de debates sobre o uso de padrões Web.
&nbsp;</texto>
	</textos_pops>
	
	<imagens_tela>
		<imagem img="media/fluxograma.swf" />
	</imagens_tela>
	
	<sons_tela>
		<som som="mp3/1_1_7_1.mp3" />
		<som som="mp3/1_1_7_2.mp3" />
	</sons_tela>
	
</tela>