<?xml version="1.0" encoding="utf-8"?>
<tela>
	<textos_tela>
		<texto>É importante destacar que todos os RIRs já distribuem endereços IPv6 em suas regiões. O NIC.br é o responsável pela distribuição de blocos IPv6 no Brasil.
&nbsp;</texto>
		<texto>Deste modo, provedores Internet e outras entidades que administrem Sistemas Autônomos (AS – <I>Autonomous System</I>) podem solicitar ao NIC.br blocos IPv6. Para isso, é preciso acessar o sítio web <font color="#003366"><U><a href="http://registro.br/info/cidr.html" target="_blank">http://registro.br/info/cidr.html</a></U></font> e preencher o formulário correspondente.
&nbsp;</texto>
		<texto>Atualmente e até nova resolução, as organizações que qualifiquem para receber blocos de endereço IPv6 estarão isentas de pagamento. 
&nbsp;</texto>		
	</textos_tela>

	<imagens_tela>
		<imagem img="media/mapa_brasil.swf" />
	</imagens_tela>
	
	<sons_tela>
		<som som="mp3/3_1_6_1.mp3" />
		<som som="mp3/3_1_6_2.mp3" />
	</sons_tela>
</tela>