<?xml version="1.0" encoding="utf-8"?>
<tela>
	<textos_tela>
		<texto>Além dessa quantidade quase ilimitada de IPs, o novo formato dos endereços permitirá:
&nbsp;</texto>
	</textos_tela>
	
	<textos_bullets>
		<texto>Definir uma arquitetura hierárquica na Internet, possibilitando um encaminhamento mais eficiente dos pacotes de dados;
&nbsp;</texto>
		<texto>Facilitar a distribuição de IPs fixos e válidos para conexões DSL, <I>Cable Modems</I> e telefones móveis;
&nbsp;</texto>
		<texto>Fornecer endereços válidos na Internet para todos os dispositivos conectados a ela;
&nbsp;</texto>
		<texto>Utilizar a arquitetura fim-a-fim;
&nbsp;</texto>
		<texto>Eliminar os problemas associados ao NAT.
&nbsp;</texto>
	</textos_bullets>
	
	<imagens_tela>
		<imagem img="media/menu_objetivos.swf" />
	</imagens_tela>
	
	<sons_tela>
		<som som="mp3/2_1_27_1.mp3" />
		<som som="mp3/2_1_27_2.mp3" />
		<som som="mp3/2_1_27_3.mp3" />
		<som som="mp3/2_1_27_4.mp3" />
		<som som="mp3/2_1_27_5.mp3" />
		<som som="mp3/2_1_27_6.mp3" />
	</sons_tela>
	
</tela>