<?xml version="1.0" encoding="utf-8"?>
<tela>
	<textos_tela>
		<texto>Esta capacidade de trabalhar com diversos protocolo de rede, além dos dois Protocolos Internet, é possível pela adoção de identificadores, que atuam na identificação do protocolo a ser suportado:
&nbsp;</texto>
	</textos_tela>
	<textos_bullets>
		<texto><I>Address Family Identifier</I> (AFI)‏
&nbsp;</texto>
		<texto><I>Subsequent Address Family Identifier</I> (Sub-AFI)
&nbsp;</texto>
		<texto>E pela utilização de dois novos atributos:
&nbsp;</texto>
		<texto>MP_REACH_NLRI
&nbsp;</texto>
		<texto>MP_UNREACH_NLRI
&nbsp;</texto>
		<texto>O primeiro atributo é utilizado no transporte do conjunto de destinos acessíveis junto com o <I>next hop</I>.
&nbsp;</texto>
		<texto>O segundo transporta o conjunto de destinos inacessíveis.
&nbsp;</texto>
	</textos_bullets>
	
	<sons_tela>
		<som som="mp3/8_1_9_1.mp3" />
		<som som="mp3/8_1_9_2.mp3" />
		<som som="mp3/8_1_9_3.mp3" />
		<som som="mp3/8_1_9_4.mp3" />
		<som som="mp3/no_sound.mp3" />
		<som som="mp3/no_sound.mp3" />
		<som som="mp3/8_1_9_5.mp3" />
		<som som="mp3/8_1_9_6.mp3" />
	</sons_tela>

</tela>