<?xml version="1.0" encoding="utf-8"?>
<tela>
	<textos_tela>
		<texto><B>Neste módulo aprendemos que:</B>
&nbsp;</texto>
		<texto>O cabeçalho IPv6 foi aprimorado em relação a versão anterior do protocolo IP, removendo alguns campos e renomeando e reposicionando outros;
&nbsp;</texto>		
		<texto>Foi acrescentado um novo campo para ser utilizado em mecanismos de QoS;
&nbsp;</texto>
		<texto>Essas alterações tornaram o cabeçalho IPv6 mais flexível e simples, passando a ter um tamanho fixo de 40 Bytes;
&nbsp;</texto>
		<texto>As informações adicionais que antes eram incluídas no cabeçalho base do IPv4, agora são tratadas em cabeçalhos de extensão, que localizam-se entre o cabeçalho base do IPv6 e o cabeçalho da camada de transporte;
&nbsp;</texto>
		<texto>Não há uma quantidade fixa de cabeçalhos de extensão que podem ser anexados ao cabeçalho base;
&nbsp;</texto>
		<texto>A utilização dos cabeçalhos de extensão diminui o tempo de processamento nos roteadores, já que o roteador irá processar apenas as informações do cabeçalho <I>Hop-by-Hop</I>;
&nbsp;</texto>
	</textos_tela>
</tela>