<?xml version="1.0" encoding="utf-8"?>
<tela>
	<textos_tela>
		<texto>Cada uma dessas técnicas apresenta uma característica específica, e pode ser utilizada individualmente ou em conjunto, de modo a atender as necessidades de cada situação, seja a migração para o IPv6 feita passo a passo, iniciando por um único <I>host</I> ou sub-rede, ou até de toda uma rede corporativa.
&nbsp;</texto>
		<texto>Agora, vamos analisar com mais detalhes cada um desses métodos.
&nbsp;</texto>
		<texto><B>
</B></texto>	
	</textos_tela>
	
	<textos_bullets>
		<texto></texto>
	</textos_bullets>
	
	<imagens_tela>
		<imagem img="media/menu_objetivos.swf" />
	</imagens_tela>
	
	<sons_tela>
		<som som="mp3/9_1_5_1.mp3" />
		<som som="mp3/9_1_5_2.mp3" />
	</sons_tela>
</tela>