<?xml version="1.0" encoding="utf-8"?>
<tela>
	<textos_tela>
		<texto>Do mesmo modo que no IPv4, os endereços IPv6 são atribuídos às interfaces físicas e não aos nós.
&nbsp;</texto>
		<texto>É possível atribuir a uma única interface múltiplos endereços, independentemente do seu tipo.
Com isso, um nó pode ser identificado através de qualquer endereço de sua interface.
&nbsp;</texto>
		<texto><B>Loopback		::1
Link Local	FE80:....
Unique local	FC07:...
Global		2001:....
&nbsp;</B></texto>
	</textos_tela>

	<imagens_tela>
		<imagem img="media/fluxo5.swf" />
	</imagens_tela>

	<sons_tela>
		<som som="mp3/5_1_12_1.mp3" />
		<som som="mp3/5_1_12_2.mp3" />
	</sons_tela>

</tela>