<?xml version="1.0" encoding="utf-8"?>
<tela>
	<textos_tela>
		<texto>Para conhecer mais sobre algumas dessas ações, clique nos lugares indicados no mapa.
&nbsp;</texto>	
	</textos_tela>

	<textos_pops>
		<texto><B>EUA</B>
Em setembro de 2003, o Departamento de Defesa estadunidense (DoD - <I>U.S. Department of Defense</I>) publicou um memorando determinando metas e o planejamento para a realização, até 2008, da transição para o IPv6 de toda a infraestrutura de sua rede. Baseados neste memorando, foram criados documentos definindo um conjunto de padrões técnicos e requisitos de interoperabilidade que devem ser seguidos por equipamentos e <I>softwares</I> utilizados nas redes do DoD. O Gabinete de Gestão e Orçamento dos EUA (OMB - <I>Office of Management and Budget</I>) também emitiu, em agosto de 2005, um memorando estabelecendo metas semelhantes às do DoD referentes às redes das Agências Governamentais Federais estadunidenses.
&nbsp;</texto>
		<texto><B>União Européia</B>
A União Européia já investiu, desde 2002, mais de €90 milhões em pesquisas relacionadas ao IPv6, podendo chegar a um total €300 milhões até 2013. Outro passo foi dado em 27 de maio de 2008, quando foi estabelecido como objetivo para a Europa que, em 2010, 25% das empresas, administrações públicas e usuários particulares já utilizem o IPv6. Também foi sugerido que os Estados-Membros exijam a utilização do IPv6 como condição para os contratos públicos e lancem campanhas de incentivo junto as empresas e organizações, além de ajudá-las na transição.
&nbsp;</texto>		
		<texto><B>Japão</B>
O governo japonês oferece, desde 2000, incentivos fiscais para a adoção do IPv6, além apoiar, criar e financiar projetos como o <I>IPv6 Promotion Council</I>, WIDE, KAME, USAGI, entre outros.
&nbsp;</texto>
		<texto><B>China</B>
O Governo Chinês iniciou a implantação de uma rede IPv6 chamada de <I>China Next Generation Internet</I>, investindo cerca de US$170 milhões, e envolvendo oito ministérios, cinco grandes companhias nacionais e várias redes nacionais de pesquisa. Também utilizou os Jogos Olímpicos de Pequim 2008 para testar dispositivos móveis e sistemas inteligentes de transporte e de segurança operando sobre IPv6.
&nbsp;</texto>
		<texto><B>Brasil</B>
Em relação ao Governo Brasileiro, há a recomendação da arquitetura e-PING (Padrões de Interoperabilidade de Governo Eletrônico), que define um conjunto de premissas, políticas e especificações técnicas que visam regulamentar a utilização da Tecnologia de Informação e Comunicação no Governo Federal. Esta recomendação expressa que os órgãos das Administrações Públicas Federais deverão se planejar para uma futura migração para IPv6 e prever suporte à coexistência dos protocolos IPv4 e IPv6 em novas contratações, compra de produtos e atualizações de redes.
&nbsp;</texto>
	</textos_pops>

	<imagens_tela>
		<imagem img="media/mapa_do_mundo.swf" />		
	</imagens_tela>
	
	<sons_tela>
		<som som="mp3/3_1_13_1.mp3" />		
	</sons_tela>
</tela>