<?xml version="1.0" encoding="utf-8"?>
<tela>
	<textos_tela>
		<texto>Quando o Nó Móvel se desloca da sua Rede de Origem ele obtém um novo endereço IPv6 na rede remota. Este Endereço Remoto pode ser obtido através de mecanismos de autoconfiguração <I>stateless</I> ou <I>statefull</I>.
&nbsp;</texto>
		<texto>Para ter certeza de que os pacotes IPv6 cheguem a sua rede remota, é necessária a associação entre o Endereço Remoto e o Endereço de Origem.
&nbsp;</texto>
		<texto>Essa associação é feita por um Agente de Origem.
&nbsp;</texto>
		<texto>Este Agente registra o Endereço Remoto enviado em uma mensagem <I>Binding Update</I> pelo Nó Móvel e responde com uma mensagem <I>Binding Acknowledgement</I>.
&nbsp;</texto>
	</textos_tela>
	<textos_pops>
		<texto>O Agente de Origem é um roteador localizado na Rede de Origem, que pode ser responsável também por interceptar pacotes IPv6 enviados para o Endereço de Origem do Nó Móvel e reenviá-los à outra rede através do Endereço Remoto.
&nbsp;</texto>		
	</textos_pops>

	<imagens_tela>
		<imagem img="media/rede_binding.swf" />
	</imagens_tela>

	<sons_tela>
		<som som="mp3/6_2_17_1.mp3" />
		<som som="mp3/6_2_17_2.mp3" />
		<som som="mp3/6_2_17_3.mp3" />
		<som som="mp3/6_2_17_4.mp3" />
	</sons_tela>

</tela>