<?xml version="1.0" encoding="utf-8"?>
<tela>
	<textos_tela>
		<texto>Os túneis podem ser classificados nos seguintes modos:
&nbsp;</texto>
	</textos_tela>

	<textos_pops>
		<texto><B>Configuração Roteador-a-Roteador</B>
Roteadores IPv6/IPv4, conectados via rede IPv4, podem trocar pacotes IPv6 entre si, ligando um segmento no caminho entre dois <I>hosts</I>.
&nbsp;</texto>
		<texto><B>Configuração <I>Host-a-Roteador</I> e <I>Roteador-a-Host</I></B>
No caso de <I>Host-a-Roteador</I>, <I>hosts</I> IPv6/IPv4 enviam pacotes IPv6 a um roteador IPv6/IPv4 intermediário via rede IPv4, ligando o primeiro segmento no caminho entre dois <I>hosts</I>.
No caminho inverso, roteadores IPv6/IPv4 enviam pacotes IPv6 ao destino final IPv6/IPv4, ligando o último segmento do caminho entre dois <I>hosts</I>.
&nbsp;</texto>
		<texto><B>Configuração <I>Host-a-Host</I></B>&nbsp; 
<I>Hosts</I> IPv6/IPv4, conectados via rede IPv4, trocam pacotes IPv6 entre si, ligando todo o caminho entre os dois <I>hosts</I>.
&nbsp;</texto>
	</textos_pops>
		
	<imagens_tela>
		<imagem img="media/menu_9_1_11.swf" />
	</imagens_tela>
	
	<imagens_pop>
		<imagem img="media/pop1_9_1_11.swf" />
		<imagem img="media/pop2_9_1_11.swf" />
		<imagem img="media/pop3_9_1_11.swf" />
	</imagens_pop>
	
	<sons_tela>
		<som som="mp3/9_1_11.mp3" />
	</sons_tela>
</tela>