<?xml version="1.0" encoding="utf-8"?>
<tela>
	<textos_tela>
		<centro><B>Principais RFCs sobre o IPv6</B>
&nbsp;</centro>
		<texto></texto>
		<texto></texto>
		<texto></texto>
		<texto></texto>
	</textos_tela>
	<textos_bullets>
		<texto></texto>
		<texto><a href="http://tools.ietf.org/html/rfc1752" target="_blank">RFC1752</a>: The Recommendation for the IP Next Generation Protocol
&nbsp;</texto>
		<texto><a href="http://tools.ietf.org/html/rfc2460" target="_blank">RFC2460</a>: Internet Protocol, Version 6 (IPv6) Specification
&nbsp;</texto>
		<texto><a href="http://tools.ietf.org/html/rfc3315" target="_blank">RFC3315</a>: Dynamic Host Configuration Protocol for IPv6 (DHCPv6)‏
&nbsp;</texto>
		<texto><a href="http://tools.ietf.org/html/rfc3596" target="_blank">RFC3596</a>: DNS Extensions to Support IP Version 6
&nbsp;</texto>
		<texto><a href="http://tools.ietf.org/html/rfc4213" target="_blank">RFC4213</a>: Basic Transition Mechanisms for IPv6 Hosts and Routers
&nbsp;</texto>
		<texto><a href="http://tools.ietf.org/html/rfc4291" target="_blank">RFC4291</a>: IP Version 6 Addressing Architecture
&nbsp;</texto>
		<texto><a href="http://tools.ietf.org/html/rfc4301" target="_blank">RFC4301</a>: Security Architecture for the Internet Protocol
&nbsp;</texto>
		<texto><a href="http://tools.ietf.org/html/rfc4302" target="_blank">RFC4302</a>: IP Authentication Header
&nbsp;</texto>
		<texto><a href="http://tools.ietf.org/html/rfc4303" target="_blank">RFC4303</a>: IP Encapsulating Security Payload (ESP)‏
&nbsp;</texto>
		<texto><a href="http://tools.ietf.org/html/rfc4861" target="_blank">RFC4861</a>: Neighbor Discovery for IP version 6 (IPv6)‏
&nbsp;</texto>
		<texto><a href="http://tools.ietf.org/html/rfc4862" target="_blank">RFC4862</a>: IPv6 Stateless Address Autoconfiguration
&nbsp;</texto>

	</textos_bullets>
	
	<imagens_tela>
		<imagem img="media/menu_objetivos.swf" />
	</imagens_tela>
</tela>