<?xml version="1.0" encoding="utf-8"?>
<tela>
	<textos_tela>
		<texto>Alguns aspectos devem ser destacados sobre os cabeçalhos de extensão:
&nbsp;</texto>
	</textos_tela>
	<textos_pops>
		<texto>A ordem apresentada na tabela anterior deve ser respeitada pelo nó de origem quando enviar um pacote contendo mais de um cabeçalho de extensão. No entanto o nó de destino deve estar preparado para entender os cabeçalhos em qualquer ordem;
&nbsp;</texto>
		<texto>Com a utilização dos cabeçalhos de extensão o tempo de processamento nos roteadores diminui, já que o roteador irá processar um único cabeçalho, se presente: o <I>Hop-by-Hop</I>;
&nbsp;</texto>
		<texto>Se o campo Endereço de Destino tiver um endereço <I>multicast</I>, os cabeçalhos de extensão serão examinados por todos pertencentes ao grupo <I>multicast</I>;
&nbsp;</texto>
		<texto>Pode ser utilizado um cabeçalho <I>Mobility</I> pelos nós que possuírem suporte a mobilidade IPv6.
&nbsp;</texto>
	</textos_pops>

	<imagens_tela>
		<imagem img="media/esquema2.swf" />
	</imagens_tela>

	<sons_tela>
		<som som="mp3/4_1_10_1.mp3" />
		<som som="mp3/4_1_10_2.mp3" />
		<som som="mp3/4_1_10_3.mp3" />
		<som som="mp3/4_1_10_4.mp3" />
		<som som="mp3/4_1_10_5.mp3" />
	</sons_tela>

</tela>