<?xml version="1.0" encoding="utf-8"?>
<tela>
	<textos_tela>
		<texto>A principal diferença do IPv6 em relação à versão anterior é a maior capacidade de espaço para endereçamento, aumentando de
&nbsp;</texto>
		<texto><B><font color="#9966CC"><font size="20">32</font> para <font size="30">128</font> bits</font></B>
&nbsp;</texto>
		<texto><font size="15"><B>192.168.0.15
2001:0db8:12ff:cafe:cade:d4d0:087C:140b</B></font>
&nbsp;</texto>	
	</textos_tela>
	<textos_bullets>
		<texto>fomentar o desenvolvimento da Internet no Brasil;
&nbsp;</texto>
		<texto>recomendar padrões e procedimentos relacionados à Internet;
&nbsp;</texto>
		<texto>coletar, organizar e disseminar informações relacionadas a Internet como, por exemplo, indicadores e estatísticas;
&nbsp;</texto>
		<texto>gerenciar os domínios .br a atribuição de números IP no país.
s&nbsp;</texto>
	</textos_bullets>
	
	<imagens_tela>
		<imagem img="media/rede_pasta.swf" />
	</imagens_tela>
	
	<sons_tela>
		<som som="mp3/no_sound.mp3" />
		<som som="mp3/2_1_25.mp3" />
		<som som="mp3/no_sound.mp3" />
	</sons_tela>
	
</tela>