<?xml version="1.0" encoding="utf-8"?>
<tela>
	<textos_tela>
		<texto>Os principais protocolos utilizados para a transmissão de informações sobre um fluxo IP de uma rede, também já estão preparados para coletar dados sobre o tráfego IPv6.
&nbsp;</texto>
	</textos_tela>
	<textos_bullets>
		<texto>A versão 9 do NetFlow, protocolo desenvolvido pela Cisco Systems, já apresenta suporte a IPv6.‏
&nbsp;</texto>
		<texto>Do mesmo modo, o protocolo IPFIX (IP <I>Flow Information Export</I>), também é capaz de exportar e coletar dados sobre o tráfego IPv6.
&nbsp;</texto>
	</textos_bullets>
	
	<sons_tela>
		<som som="mp3/8_1_14_1.mp3" />
		<som som="mp3/8_1_14_2.mp3" />
		<som som="mp3/8_1_14_3.mp3" />
	</sons_tela>

</tela>