<?xml version="1.0" encoding="utf-8"?>
<tela>
	<textos_tela>
		<texto>Iniciou-se, nessa época, o projeto de um novo Protocolo Internet, chamado então IPng (<I>Internet Protocol new generation</I>), que resultou no que hoje é o IPv6.
&nbsp;</texto>
		<texto>Algumas soluções paliativas foram também desenvolvidas para manter a Internet funcionando e diminuir a demanda por IPs. Clique no nome delas para saber mais.
&nbsp;</texto>
	</textos_tela>
	
	<textos_bullets>
		<texto><font size="20"><B>CIDR</B></font>
&nbsp;</texto>
		<texto><B>Eliminou o sistema de classes</B>, permitindo alocar <B>blocos de endereços</B> de tamanhos que variavam de acordo com a necessidade.
&nbsp;</texto>
		<texto>Possibilitou um <B>uso mais racional</B> do espaço para endereçamento.
&nbsp;</texto>	
		<texto>Tornou possível a agregação de prefixos nas <B>tabelas de roteamento</B>, cujo crescimento também estava acelerado.
&nbsp;</texto>		
	</textos_bullets>

	<textos_tela>
		<texto><B><font size="20">RFC 1918</font></B>
&nbsp;</texto>
		<texto>Especificou três faixas de endereços privados, não válidos na Internet, para uso em redes corporativas.
&nbsp;</texto>
	</textos_tela>

	<textos_tela>
		<texto><font size="20"><B>NAT</B></font>
&nbsp;</texto>
		<texto>Essa tecnologia permite que, com um único endereço válido na Internet, toda uma rede de computadores, usando endereços privados, seja parcialmente conectada.
&nbsp;</texto>
	</textos_tela>
	
	<textos_bullets>
		<texto><font size="20"><B>DHCP</B></font>
&nbsp;</texto>
		<texto>É um protocolo que permite uma <B>alocação dinâmica de endereços IP.</B>
&nbsp;</texto>
		<texto>Com isso, surgiu a possibilidade dos provedores reutilizarem endereços fornecidos aos clientes para conexões não permanentes. Um exemplo são as conexões realizadas por meio de linhas discadas ou ADSL.
&nbsp;</texto>		
	</textos_bullets>

	<textos_saibamais>
		<texto>Essa técnica, embora muito utilizada, traz uma série de problemas:
&nbsp;</texto>
		<texto>Sua utilização quebra o modelo fim a fim da Internet, ou seja, os computadores na Internet não conseguem iniciar uma comunicação com os que estão na rede privada. Isso dificulta o funcionamento de uma série de aplicações, como P2P, videoconferência, VoIP e VPNs;
&nbsp;</texto>	
		<texto>Não possui boa escalabilidade, pois o gerenciamento da tabela de conexões NAT exige um grande poder de  processamento. Isso quer dizer que em grandes redes é difícil conseguir equipamentos capazes de realizar o NAT;
&nbsp;</texto>
		<texto>Funciona como um <I>statefull firewall</I>, dando uma falsa sensação de segurança. Muitos administradores de rede acabam por não dar um tratamento devido às questões de segurança, por conta disso;
&nbsp;</texto>
		<texto>Impossibilita  a utilização de algumas técnicas de segurança como IPSec.
&nbsp;</texto>
	</textos_saibamais>

	<imagens_tela>
		<imagem img="media/menu_cidr_alvo.swf" />
	</imagens_tela>
	
	<sons_tela>
		<som som="mp3/2_1_13_1.mp3" />
		<som som="mp3/2_1_13_2.mp3" />
	</sons_tela>
	
</tela>