<?xml version="1.0" encoding="utf-8"?>
<tela>

	<textos_tela>
		<texto>Para entendermos o atual nível de consumo dos endereços IPv4, vamos analisar alguns gráficos.
&nbsp;</texto>
		<texto>Neste gráfico é possível observar a evolução do estoque de blocos IP na IANA.
&nbsp;</texto>
		<texto>Cada bloco corresponde aproximadamente a 16,7 milhões de endereços.
&nbsp;</texto>
	</textos_tela>
	
	<textos_bullets>
		<texto>fomentar o desenvolvimento da Internet no Brasil;
&nbsp;</texto>
		<texto>recomendar padrões e procedimentos relacionados à Internet;
&nbsp;</texto>
		<texto>coletar, organizar e disseminar informações relacionadas a Internet como, por exemplo, indicadores e estatísticas;
&nbsp;</texto>
		<texto>gerenciar os domínios .br a atribuição de números IP no país.
&nbsp;</texto>
	</textos_bullets>
	
	<imagens_tela>
		<imagem img="media/grafico1.swf" />
	</imagens_tela>
	
	<sons_tela>
		<som som="mp3/2_1_19_1.mp3" />
		<som som="mp3/2_1_19_2.mp3" />
		<som som="mp3/no_sound.mp3" />
	</sons_tela>
	
</tela>