<?xml version="1.0" encoding="utf-8"?>
<tela>
	<textos_tela>
		<centro><B>Agradecimentos</B>
&nbsp;</centro>
		<texto>Gostariamos de agradecer, de forma especial, aos projetos <B>6diss</B> e <B>6deploy</B>, cujos materiais didáticos foram as principais referências consultadas para a criação deste curso.
&nbsp;</texto>
		<texto>Agradecemos também aos membros da <B>Internet Engineering Task Force – IETF</B>, pelo esforço dispendido na criação de padrões para a comunidade Internet.
&nbsp;</texto>
		<texto><B>Você sabe como funciona a Internet?</B></texto>	
	</textos_tela>
	<textos_bullets>
		<texto>terá entendido por que é preciso implantar o IPv6 na Internet e nas redes;</texto>
		<texto>compreenderá as principais características do novo protocolo e suas diferenças em relação à versão anterior, o IPv4;</texto>
		<texto>saberá como se dará a transição para o IPv6 e</texto>
		<texto>será capaz de aprofundar seu conhecimento através de livros, cursos, sítios Web e por meio de experimentos práticos.</texto>
	</textos_bullets>
	
	<imagens_tela>
		<imagem img="media/menu_objetivos.swf" />
	</imagens_tela>
</tela>