<?xml version="1.0" encoding="utf-8"?>
<tela>

	<textos_tela>
		<centro><B>Seja bem-vindo <!-- ao curso --></B>
&nbsp;</centro>
	</textos_tela>
	
	<textos_bullets>
		<centro><B>Ao concluir este módulo, você:</B>
&nbsp;</centro>
		<texto>será capaz de entender a importância da utilização dos mecanismos de transição;
&nbsp;</texto>
		<texto>conhecerá as diferentes técnicas utilizadas, aprendendo os conceitos básicos do funcionamento da Pilha Dupla, dos Túneis e das Traduções;
&nbsp;</texto>
		<texto>saberá em qual situação cada técnica é melhor aplicada.
&nbsp;</texto>
	</textos_bullets>
	
	<sons_tela>
		<som som="mp3/9_1_1_1.mp3" />
		<som som="mp3/9_1_1_2.mp3" />
		<som som="mp3/9_1_1_3.mp3" />
		<som som="mp3/9_1_1_4.mp3" />
		<som som="mp3/9_1_1_5.mp3" />
	</sons_tela>
</tela>