<?xml version="1.0" encoding="utf-8"?>
<tela>
	<textos_tela>
		<texto>Essas <B>mudanças</B>, definidas na RFC3596, incluem:
&nbsp;</texto>
	</textos_tela>
	<textos_bullets>
		<texto>Novo registro para armazenar endereços no formato IPv6:
&nbsp;</texto>
		<texto>O AAAA ou quad-A, que traduz nomes em endereço IPv6 (equivalente ao registro "A", que traduz nomes para endereços IPv4)‏
&nbsp;</texto>
		<texto>Exemplo:
&nbsp;</texto>
		<texto>www.ipv6.br. IN A    200.160.4.22
&nbsp;</texto>
		<texto>IN AAAA 2001:12ff:0:4::22
&nbsp;</texto>
	</textos_bullets>
	<textos_bullets>
		<texto>Uma nova representação textual para o registro PTR, que traduz endereços IPv6 em nomes, o domínio
&nbsp;</texto>
		<centro><font size="18"><B>ip6.arpa</B></font>
&nbsp;</centro>
		<texto>Exemplo:
&nbsp;</texto>
		<texto>2.2.0.0.0.0.0.0.0.0.0.0.0.0.0.0.4.0.0.0.0.0.0.0.f.f.2.1.1.0.0.2.ip6.arpa  PTR www.ipv6.br
&nbsp;</texto>
	</textos_bullets>

	<sons_tela>
		<som som="mp3/6_2_8_1.mp3" />
		<som som="mp3/6_2_8_2.mp3" />
		<som som="mp3/6_2_8_3.mp3" />
		<som som="mp3/6_2_8_4.mp3" />
</sons_tela>

</tela>