<?xml version="1.0" encoding="utf-8"?>
<tela>
	<textos_tela>
		<texto>Destinado inicialmente a interligar apenas algumas redes de pesquisa acadêmicas, o projeto original do IPv4 não apresentava muita preocupação com a questão da segurança das informações transmitidas.
&nbsp;</texto>
		<texto>No entanto, com o crescimento da Internet, diversas ameaças à segurança da rede e ao tráfego de dados surgiram, prejudicando, por exemplo, sua utilização em operações bancárias e em transações entre empresas e consumidores.
&nbsp;</texto>
		<texto>Com isso, tornou-se necessário acrescentar novos mecanismos ao protocolo original, que garantissem a confiabilidade de tais serviços.
&nbsp;</texto>	
	</textos_tela>
	<textos_bullets>
		<texto>fomentar o desenvolvimento da Internet no Brasil;</texto>
		<texto>recomendar padrões e procedimentos relacionados à Internet;</texto>
		<texto>coletar, organizar e disseminar informações relacionadas a Internet como, por exemplo, indicadores e estatísticas;</texto>
		<texto>gerenciar os domínios .br a atribuição de números IP no país.</texto>
	</textos_bullets>
	
	<imagens_tela>
		<imagem img="media/logo.swf" />
	</imagens_tela>
	
	<sons_tela>
		<som som="mp3/7_1_2_1.mp3" />
		<som som="mp3/7_1_2_2.mp3" />
		<som som="mp3/7_1_2_3.mp3" />
	</sons_tela>
</tela>