<?xml version="1.0" encoding="utf-8"?>
<tela>
	<textos_tela>
		<texto><font size="25"><B>Pilha Dupla</B></font></texto>
		<texto>Com o método de transição da Pilha Dupla, <I>hosts</I> e roteadores tornam-se capazes de enviar e receber pacotes tanto para o IPv4, quanto para o IPv6.
&nbsp;</texto>
		<texto>Esse método permitirá que um nó Pilha Dupla (IPv6/IPv4), ao se comunicar com um nó IPv6, se comporte como um nó IPv6 e na comunicação com um nó IPv4, como nó IPv4.
&nbsp;</texto>
		<texto>Para isso, cada nó IPv4/IPv6 é configurado com ambos os endereços, utilizando mecanismos IPv4, como por exemplo DHCP, para adquirir endereços IPv4, e mecanismos do IPv6 para endereços IPv6.
&nbsp;</texto>
	</textos_tela>
	
	<imagens_tela>
		<imagem img="media/tabela_ipv.swf" />
	</imagens_tela>
	
	<sons_tela>
		<som som="mp3/no_sound.mp3" />
		<som som="mp3/9_1_7_1.mp3" />
		<som som="mp3/9_1_7_2.mp3" />
		<som som="mp3/9_1_7_3.mp3" />
	</sons_tela>
</tela>