<?xml version="1.0" encoding="utf-8"?>
<tela>
	<textos_tela>
		<texto>As mensagens ICMPv6, por exemplo, utilizadas pelo protocolo de Descoberta de Vizinhança, não são protegidas pelo IPSec.
&nbsp;</texto>
		<texto>Isto ocorre, porque para autenticá-las utilizando o cabeçalho AH, é preciso que os nós tenham seu endereços já definidos para ocorrer a negociação de chaves pelo protocolo IKE.
&nbsp;</texto>
		<texto>No entanto, isso torna-se inviável no processo de autoconfiguração de endereços.
&nbsp;</texto>
		<texto>Deste modo, os problemas de segurança relacionados a configuração de endereços tornam-se similares aos ocorridos com o protocolo ARP no IPv4.
&nbsp;</texto>
	</textos_tela>
	<textos_bullets>
		<texto>fomentar o desenvolvimento da Internet no Brasil;</texto>
		<texto>recomendar padrões e procedimentos relacionados à Internet;</texto>
		<texto>coletar, organizar e disseminar informações relacionadas a Internet como, por exemplo, indicadores e estatísticas;</texto>
		<texto>gerenciar os domínios .br a atribuição de números IP no país.</texto>
	</textos_bullets>
	
	<imagens_tela>
		<imagem img="media/mensagem.swf" />
	</imagens_tela>
	
	<sons_tela>
		<som som="mp3/7_1_9_1.mp3" />
		<som som="mp3/7_1_9_2.mp3" />
		<som som="mp3/7_1_9_3.mp3" />
		<som som="mp3/7_1_9_4.mp3" />		
	</sons_tela>
</tela>