<?xml version="1.0" encoding="utf-8"?>
<tela>

	<textos_tela>
		<centro><B>Parabéns, você concluiu todos os módulos do curso de Introdução ao IPv6.</B>
&nbsp;</centro>
	</textos_tela>
	
	<textos_bullets>
		<texto></texto>
		<texto>Esperamos que o conteúdo apresentado tenha sido capaz de esclarecer os principais conceitos do novo protocolo IP e de mostrar a importância da implantação do IPv6 para o crescimento da Internet.
&nbsp;</texto>
		<texto>Com o conhecimento adquirido após o término deste curso você está apto a aprofundar seu estudo sobre o IPv6. Desejamos que o interesse pelo novo protocolo não se limite apenas à realização dos módulos aqui apresentados.
&nbsp;</texto>
		<texto>Desta forma, gostaríamos de indicar alguns sítios e documentos técnicos disponíveis na Internet, onde você pode buscar novas informações a respeito do IPv6.
&nbsp;</texto>
	</textos_bullets>
	
	<imagens_tela>
		<imagem img="media/menu_objetivos.swf" />
	</imagens_tela>
	
	<sons_telas>
		<som som="mp3/10_1_2_1.mp3" />
		<som som="mp3/no_sound.mp3" />
		<som som="mp3/10_1_2_2.mp3" />
		<som som="mp3/10_1_2_3.mp3" />
		<som som="mp3/10_1_2_4.mp3" />
	</sons_telas>
</tela>