<?xml version="1.0" encoding="utf-8"?>
<tela>

	<textos_tela>
		<texto>Neste curso são abordados, de forma teórica, os principais conceitos relacionados ao funcionamento do IPv6 e à sua implantação e, sempre que possível, é realizada a comparação das características do protocolo com as do seu antecessor, o IPv4.
&nbsp;</texto>
		<texto>Este curso está dividido em dez módulos:
&nbsp;</texto>
		<texto>Ao final de cada um, existem algumas questões que permitem a autoavaliação do aprendizado.
&nbsp;</texto>
		<centro>Módulos <br />básicos
&nbsp;</centro>
		<centro>Módulos <br />avançados
&nbsp;</centro>
	</textos_tela>
	
	<textos_bullets>
		<texto><font size="12">Introdução</font>
&nbsp;</texto>
		<texto><font size="12">O Protocolo IP</font>
&nbsp;</texto>
		<texto><font size="12">Implantação do IPv6</font>
&nbsp;</texto>
		<texto><font size="12">Cabeçalho IPv6</font>
&nbsp;</texto>
		<texto><font size="12">Endereçamento do IPv6</font>
&nbsp;</texto>
		<texto><font size="12">Serviços Básicos do IPv6</font>
&nbsp;</texto>
		<texto><font size="12">Segurança</font>
&nbsp;</texto>
		<texto><font size="12">Roteamento e Gerenciamento</font>
&nbsp;</texto>
		<texto><font size="12">Coexistência e Transição</font>
&nbsp;</texto>
		<texto><font size="12">Mais Informações</font>
&nbsp;</texto>	
	</textos_bullets>
	
	<imagens_tela>
		<imagem img="media/menu_metodologia.swf" />
	</imagens_tela>
	
	<sons_tela>
		<som som="mp3/1_1_3_1.mp3" />
		<!--<som som="mp3/1_1_3_2.mp3" />-->
		<som som="mp3/no_sound.mp3" />
		<som som="mp3/no_sound.mp3" />
		<som som="mp3/no_sound.mp3" />
		<som som="mp3/no_sound.mp3" />
		<som som="mp3/no_sound.mp3" />
		<som som="mp3/no_sound.mp3" />
		<som som="mp3/no_sound.mp3" />
		<som som="mp3/no_sound.mp3" />
		<som som="mp3/no_sound.mp3" />
		<som som="mp3/no_sound.mp3" />
		<som som="mp3/no_sound.mp3" />
		<som som="mp3/no_sound.mp3" />
		<som som="mp3/no_sound.mp3" />
		<som som="mp3/1_1_3_3.mp3" />
	</sons_tela>
	
</tela>