<?xml version="1.0" encoding="utf-8"?>
<tela>
	<textos_tela>
		<centro>Outras vantagens apresentadas pelo IPv6 que podem ser destacadas são:
&nbsp;</centro>
	</textos_tela>
	
	<textos_bullets>
		<texto>O suporte a conexões móveis foi aprimorado e agora passa a fazer parte integrada do protocolo IPv6. Esta funcionalidade permite a um usuário se deslocar de uma rede para outra sem necessidade de alterar seu endereço;
&nbsp;</texto>
		<texto>Com o IPv4, cada roteador pode fragmentar os pacotes de dados durante seu trajeto, sendo que esse processo pode ser realizado diversas vezes dependendo do desenho da rede. No IPv6, a fragmentação é realizada apenas na origem, com o intuito de agilizar o roteamento dos pacotes.
&nbsp;</texto>
	</textos_bullets>
	
	<imagens_tela>
		<imagem img="media/mobile.swf" />
	</imagens_tela>
	
	<sons_tela>
		<som som="mp3/2_1_31_1.mp3" />
		<som som="mp3/2_1_31_2.mp3" />
		<som som="mp3/2_1_31_3.mp3" />
	</sons_tela>
	
</tela>