<?xml version="1.0" encoding="utf-8"?>
<tela>
	<textos_tela>
		<texto>A sincronização dos relógios de uma rede IPv6 é possível conectando-se a servidores que possuam suporte ao novo protocolo IP.
&nbsp;</texto>
		<texto>A lista a seguir apresenta o endereço de uma série de servidores NTP públicos no Brasil que já trabalham com conexão IPv6.
&nbsp;</texto>
		<texto>Mais informações sobre o funcionamento do NTP e de como configurá-lo em seu computador podem ser obtidas no sítio web <a href="http://ntp.br" target="_blank">http://ntp.br</a>.
&nbsp;</texto>
	</textos_tela>
	<textos_bullets>
		<texto>a.ntp.br
&nbsp;</texto>
		<texto>ntp.pop-sc.rnp.br
&nbsp;</texto>
		<texto>ntp.pop-rs.rnp.br
&nbsp;</texto>
		<texto>ntp.cert-rs.tche.br
&nbsp;</texto>
		<texto>ntp.pop-mg.rnp.br
&nbsp;</texto>
	</textos_bullets>
	<imagens_tela>
		<imagem img="media/rede_comps.swf" />
	</imagens_tela>
	
	<sons_tela>
		<som som="mp3/8_1_17_1.mp3" />
		<som som="mp3/8_1_17_2.mp3" />
		<som som="mp3/8_1_17_3.mp3" />
	</sons_tela>

</tela>