<?xml version="1.0" encoding="utf-8"?>
<tela>
	<textos_tela>
		<texto><B>Parte 8:</B>
&nbsp;</texto>
		<texto>O suporte à mobilidade no IPv6 permite que um dispositivo móvel se desloque de uma rede para outra sem necessidade de alterar seu endereço IP de origem.
&nbsp;</texto>
		<texto>Desta forma, quando este dispositivo estiver fora de sua rede, os pacotes continuarão sendo encaminhados a ele usando seu Endereço de Origem.
&nbsp;</texto>
		<texto>Isso faz com que a movimentação entre as redes fique invisível para protocolos das camadas superiores.
&nbsp;</texto>
		<texto>Diferente do IPv4, os mecanismos necessários para garantir essa mobilidade já vêm incorporados ao protocolo IPv6.
&nbsp;</texto>
	</textos_tela>
	<textos_bullets>
		<texto>Suporte à Mobilidade
&nbsp;</texto>
		<texto>O IPv6 já traz incorporado ao protocolo funcionalidades de suporte à mobilidade. Desta forma, mesmo com a movimentação de um <I>host</I> de uma rede a outra, os pacotes enviados ao seu endereço original continuarão sendo recebidos normalmente.
&nbsp;</texto>
		<texto>Agora vamos analisar como o IPv6 realiza esta tarefa.
&nbsp;</texto>
	</textos_bullets>
	<imagens_tela>
		<imagem img="media/fluxo_rede_no.swf" />
	</imagens_tela>

	<sons_tela>
		<som som="mp3/no_sound.mp3" />
		<som som="mp3/no_sound.mp3" />
		<som som="mp3/6_2_15_3.mp3" />
		<som som="mp3/6_2_15_4.mp3" />
		<som som="mp3/6_2_15_5.mp3" />
		<som som="mp3/6_2_15_6.mp3" />
		<som som="mp3/6_2_15_7.mp3" />
		<som som="mp3/6_2_15_8.mp3" />
	</sons_tela>

</tela>