<?xml version="1.0" encoding="utf-8"?>
<tela>
	<textos_tela>
		<texto>Seguindo a mesma tendência, os principais modelos de equipamentos de rede também estão aptos a tratar o novo protocolo.
&nbsp;</texto>
		<texto>Tão importante quanto o suporte nos softwares, o suporte em roteadores e switches é necessário para que estes estejam aptos a tratar o tamanho do endereçamento IPv6, seu impacto na tabela de rotas, além das mudanças nos protocolos de roteamento.
&nbsp;</texto>
		<texto>Para mais detalhes sobre o suporte ao IPv6 nos equipamentos de rede, clique nos respectivos logotipos abaixo.
&nbsp;</texto>
	</textos_tela>

	<textos_pops>
		<texto><B>CISCO Systems</B>
Introduziu o suporte ao IPv6 a partir da versão 12,0(21) ST do Cisco IOS (<I>Internetworking Operational System</I>), lançado em 2001, provendo o suporte ao IPv6 nos roteadores Cisco a partir das séries 12000 e 10720.
&nbsp;</texto>
		<texto><B>Juniper Networks</B>
Seus principais roteadores, T-Series e M-Series, apresentam suporte ao IPv6 desde a versão 5.1 do Sistema Operacional  JUNOS, lançada em novembro de 2001.
&nbsp;</texto>		
		<texto><B>Alcatel-Lucent</B>
Seu Sistema Operacional SR-OS, utilizado nos roteadores 7750SR e 7710SR, apresenta suporte a diversas funcionalidade do IPv6.
&nbsp;</texto>
		<texto><B>Hitachi</B>
Operando a pilha IPv6 desenvolvida pelo projeto KAME desde 2001, os roteadores GR2000 da família Gigabit Router oferecem entrega de pacotes  IPv6 em alto-desempenho, além de suporte a QoS, túneis e filtros.
&nbsp;</texto>
		<texto><B>3Com Corporation</B>
Desde o final de 1997, os softwares para roteadores NETBuilder, desde a versão 11.0, e os Switches PathBuilder S500, possuem suporte ao IPv6.
&nbsp;</texto>
	</textos_pops>

	<imagens_tela>
		<imagem img="media/botoes_tela3_1_9.swf" />		
	</imagens_tela>
	
	<sons_tela>
		<som som="mp3/3_1_9_1.mp3" />
		<som som="mp3/3_1_9_2.mp3" />
		<som som="mp3/3_1_9_3.mp3" />		
	</sons_tela>
</tela>