<?xml version="1.0" encoding="utf-8"?>
<tela>
	<textos_tela>
		<texto>Os 20 bits do campo Identificador de Fluxo são preenchidos com valores aleatórios entre 00001 e FFFFF. Pacotes que não pertencem a um fluxo devem marca-lo com zeros
&nbsp;</texto>
		<texto>Os <I>hosts</I> e roteadores que não têm suporte às funções do campo Identificador de Fluxo devem preencher este campo com zeros quando enviarem um pacote, não alterá-lo ao encaminharem um pacote, ou ignorá-lo quando receberem um pacote.
&nbsp;</texto>
		<texto>Os pacotes de um mesmo fluxo são identificados quando enviados com o mesmo endereço de origem e destino, e o mesmo valor no campo Identificador de Fluxo. Além disso, caso algum pacote inclua em seu cabeçalho a opção <I>Hop-By-Hop</I>, esta opção também deverá ser incluída nos cabeçalhos dos outros pacotes.
&nbsp;</texto>
		<texto>Ainda há uma série de estudos e discussões sobre o uso deste campo.
&nbsp;</texto>
		<texto>A utilização dos 8 bits do campo Classe de Tráfego permite identificar e distinguir as diferentes classes ou prioridades de pacotes IPv6.
&nbsp;</texto>
	</textos_tela>
	<imagens_tela>
		<imagem img="media/esquema_header_ipv6.swf" />
	</imagens_tela>

	<sons_tela>
		<som som="mp3/6_2_14_1.mp3" />
		<som som="mp3/6_2_14_2.mp3" />
		<som som="mp3/6_2_14_3.mp3" />
		<som som="mp3/6_2_14_4.mp3" />
		<som som="mp3/6_2_14_5.mp3" />
	</sons_tela>

</tela>