<?xml version="1.0" encoding="utf-8"?>
<tela>
	<textos_tela>
		<texto>Também é importante dar atenção especial às técnicas de transição entre IPv4 e IPv6.
Elas podem funcionar como portas de entrada para novos tipos de ataques.
&nbsp;</texto>
		<texto>Com a utilização de Pilha Dupla as aplicações ficam expostas aos ataques a ambos os protocolos, IPv6 e IPv4, o que pode ser resolvido configurando <I>firewalls</I> específicos para cada um deles.
&nbsp;</texto>
		<texto>As principais ameaças relacionadas aos mecanismos de tunelamento, referem-se à falsificação de endereços de roteadores e <I>relays</I> utilizados por essas técnicas, como 6to4 e TEREDO.
&nbsp;</texto>	
		<texto>As técnicas de tradução implicam em problemas relacionados a incompatibilidade dessas técnicas com alguns mecanismos de segurança existentes. Similar ao que ocorre com o NAT no IPv4.
&nbsp;</texto>
	</textos_tela>
	
	<textos_bullets>
		<texto></texto>
	</textos_bullets>
	
	<imagens_tela>
		<imagem img="media/logo.swf" />
	</imagens_tela>
	
	<sons_tela>
		<som som="mp3/7_1_15_1.mp3" />
		<som som="mp3/7_1_15_2.mp3" />
		<som som="mp3/7_1_15_3.mp3" />
		<som som="mp3/7_1_15_4.mp3" />
	</sons_tela>
</tela>