<?xml version="1.0" encoding="utf-8"?>
<tela>

	<textos_tela>
		<texto><B>Parte 2:</B>
&nbsp;</texto>
	</textos_tela>
	
	<textos_bullets>
		<texto>O esgotamento dos endereços IP
&nbsp;</texto>
		<texto>Já entendemos alguns conceitos básicos da Internet, como o que são os protocolos e qual é a importância do IP.
&nbsp;</texto>
		<texto>Vamos descobrir agora que os endereços IP livres estão acabando rapidamente. Entenderemos as razões disso e suas conseqüências.
&nbsp;</texto>	
	</textos_bullets>
	
	<imagens_tela>
		<imagem img="media/menu_objetivos.swf" />
	</imagens_tela>
	
	<sons_tela>
		<som som="mp3/no_sound.mp3" />
		<som som="mp3/no_sound.mp3" />
		<som som="mp3/2_1_10_1.mp3" />
		<som som="mp3/2_1_10_2.mp3" />
	</sons_tela>
	
</tela>