<?xml version="1.0" encoding="utf-8"?>
<tela>
	<textos_tela>
		<texto>Embora essas tecnologias tenham tardado o esgotamento dos endereços IP, com o contínuo crescimento da Internet, elas deixaram de ser suficientes.
&nbsp;</texto>
		<texto><B><font size="20" color="#000000">CIDR
RFC 1918
NAT
DHCP</font></B>
&nbsp;</texto>
		<texto>Baseadas na demanda anual por novos endereços e na taxa de crescimento dessa mesma demanda, as previsões atuais apontam  para um esgotamento dos recursos da IANA entre 2010 e 2012. O estoque dos Registros Regionais deve durar 2 ou 3 anos a mais.
&nbsp;</texto>
	</textos_tela>
	
	<sons_tela>
		<som som="mp3/2_1_18.mp3" />
		<som som="mp3/no_sound.mp3" />
		<som som="mp3/no_sound.mp3" />
	</sons_tela>
	
</tela>