<?xml version="1.0" encoding="utf-8"?>
<tela>
	<textos_tela>
		<texto><B>Neste módulo aprendemos que:</B>
&nbsp;</texto>
		<texto>Uma rede é formada por dois ou mais computadores interligados, capazes de se comunicar utilizando um conjunto de regras e códigos em comum chamado de Protocolo;
&nbsp;</texto>		
		<texto>A Internet é uma grande interligação mundial de redes de computadores, que utiliza como protocolo mais importante o Internet Protocol, ou IP;
&nbsp;</texto>
		<texto>Uma das regras do protocolo IP define que cada computador deve ser identificado por um número, de forma que não existam na Internet dois computadores com o mesmo endereço;
&nbsp;</texto>
		<texto>Esse número é chamado de endereço IP, número IP ou, simplesmente, IP;
&nbsp;</texto>
		<texto>Para evitar a utilização de endereços IP duplicados, sua distribuição é controlada por um conjunto de entidades, que dividem a responsabilidade de gerenciá-los representando cada uma a região geográfica que se localizam, respeitando uma estrutura hierárquica.
&nbsp;</texto>
		<texto>Quando a Internet começou a ser utilizada comercialmente, seu crescimento acelerou rapidamente, passando a apresentar alguns problemas estruturais, entre eles, o esgotamento dos endereços IP;
&nbsp;</texto>
		<texto>Embora a versão 4 do protocolo IP permita identificar mais de 4 bilhões de dispositivos, o rápido crescimento da rede e a forma com que os IPs foram distribuídos no início da Internet, dividindo-os em classes, exigiu que o projeto de um novo Protocolo Internet, chamado IPng fosse desenvolvido;
&nbsp;</texto>
		<texto>Durante a elaboração deste projeto, que resultaria no IPv6, algumas soluções paliativas, como CIDR, o NAT e o DHCP, precisaram ser desenvolvidas para manter a Internet funcionando e diminuir a demanda por IPs;
&nbsp;</texto>
		<texto>A solicitação de novos blocos IPs aumenta a cada ano e a utilização dessas técnicas deixou de ser suficiente. As previsões atuais apontam para um esgotamento dos IPs livres na IANA em 2010. Sem novos IPs a Internet continuaria funcionando, mas teria muitas dificuldades para crescer.
&nbsp;</texto>
		<texto>Desenvolvido ao longo de mais de 10 anos, o IPv6 mantêm como base os princípios do IPv4, mas busca suprir todas as carências apresentadas por seu antecessor, apresentando mudanças como:
&nbsp;</texto>
		<texto>Espaço para endereçamento de 128 bits, possibilitando identificar 3,6x1038 dispositivos na Internet;
&nbsp;</texto>
		<texto>Cabeçalho simplificado, tornando-se mais eficiente reduzindo o processamento nos roteadores;
&nbsp;</texto>
		<texto>Suporte obrigatório ao protocolo IPSec;
&nbsp;</texto>
		<texto>Suporte aprimorado a conexões móveis;
&nbsp;</texto>
		<texto>Melhor tratamento a fragmentação de pacotes;
&nbsp;</texto>
		<texto>Funcionalidades que facilitam a configuração de uma rede.
&nbsp;</texto>
	</textos_tela>
</tela>