<?xml version="1.0" encoding="utf-8"?>
<tela>

	<textos_tela>
		<texto>O IP é o protocolo mais importante na Internet.
&nbsp;</texto>
		<texto>Ele é quem define as regras através das quais as informações fluem na rede mundial.
Uma das principais regras diz que:
&nbsp;</texto>
		<texto>Cada <B>computador deve ser identificado univocamente na rede</B>, ou seja, sem possibilidade de engano.
&nbsp;</texto>
		<texto>Essa identificação é feita através de um número, chamado de <B>endereço IP</B>, <B>número IP</B> ou, simplesmente, <B>IP</B> (como o próprio protocolo).
&nbsp;</texto>
		<texto>Esse número deve ser único, de modo que não existam na Internet dois dispositivos com o mesmo endereço.
&nbsp;</texto>
	</textos_tela>
	
	<imagens_tela>
		<imagem img="media/IP_lateral.swf" />
	</imagens_tela>
	
	<sons_tela>
		<som som="mp3/2_1_6_1.mp3" />
		<som som="mp3/2_1_6_2.mp3" />
		<som som="mp3/2_1_6_3.mp3" />
		<som som="mp3/2_1_6_4.mp3" />
		<som som="mp3/2_1_6_5.mp3" />
		<som som="mp3/2_1_6_6.mp3" />
	</sons_tela>
	
</tela>