<?xml version="1.0" encoding="utf-8"?>
<tela>
	<textos_tela>
		<centro><B>Seja bem-vindo.</B>
&nbsp;</centro>
		<texto><B>Este módulo será dividido em 3 partes:</B>
&nbsp;</texto>
		<texto>O funcionamento da Internet e o IP
&nbsp;</texto>
		<texto>O esgotamento dos endereços IP
&nbsp;</texto>
		<texto>O IPv6</texto>
	</textos_tela>
	<textos_bullets>
		<centro><B>Ao concluir este módulo, você:</B>
&nbsp;</centro>
		<texto>compreenderá a importância de se planejar com antecedência a implantação do IPv6 em uma rede de computadores;
&nbsp;</texto>
		<texto>compreenderá de que forma ocorrerá a transição entre as duas versões do protocolo IP;
&nbsp;</texto>
		<texto>saberá quais questões devem ser avaliadas ao realizar a implantação do IPv6;
&nbsp;</texto>
		<texto>conhecerá alguns softwares e equipamentos que já apresentam suporte ao IPv6;
&nbsp;</texto>
		<texto>saberá como a adoção do IPv6 vem sendo tratada em alguns países por entidades de diversas áreas de atuação.
&nbsp;</texto>
	</textos_bullets>
	
	<imagens_tela>
		<imagem img="media/menu_objetivos.swf" />
	</imagens_tela>
	<sons_tela>
		<som som="mp3/3_1_1_1.mp3" />
		<som som="mp3/3_1_1_2.mp3" />
		<som som="mp3/3_1_1_3.mp3" />
		<som som="mp3/3_1_1_4.mp3" />
		<som som="mp3/3_1_1_5.mp3" />
		<som som="mp3/3_1_1_6.mp3" />
		<som som="mp3/3_1_1_7.mp3" />
	</sons_tela>
</tela>