<?xml version="1.0" encoding="utf-8"?>
<tela>
	<textos_tela>
		<texto>No IPv6 foram definidos 3 tipos de endereço:
&nbsp;</texto>
		<texto>Semelhante ao endereço <I>anycast</I>, o <I>multicast</I> identifica um grupo de interfaces pertencente a diferentes nós, mas um pacote destinado a um endereço <I>multicast</I> é enviado para todas as interfaces do grupo.
O endereço <I>multicast</I> deriva do bloco <B>FF00::/8</B>, onde o octeto que se segue ao prefixo <B>FF</B> contém quatro <I>flags</I>, que determinam o tempo de vida do pacote, e um valor de quatro bits que define o escopo do grupo <I>multicast</I>. Os 112 bits restantes são utilizados para identificar o grupo <I>multicast</I>.
&nbsp;</texto>
		<texto>Diferente do IPv4, onde o suporte a <I>multicast</I> é opcional já que foi introduzido apenas como uma extensão ao protocolo, no IPv6 todos os nós devem ter suporte ao <I>multicast</I>.
Isto ocorre, porque os endereços <I>multicast</I>  são utilizados por diversas funcionalidades do IPv6, além de substituir o endereço <I>broadcast</I>, responsável por direcionar um pacote para todos os nós de um mesmo domínio, que não é definido no novo protocolo.
Para isso, utiliza-se o endereço <I>multicast</I>  "all nodes on link" <B>FF02::1</B>.
&nbsp;</texto>
	</textos_tela>

	<imagens_tela>
		<imagem img="media/menu.swf" />
	</imagens_tela>
</tela>