<?xml version="1.0" encoding="utf-8"?>
<tela>
	<textos_tela>
		<texto>No IPv6 foram definidos 3 tipos de endereços. Clique em cada tipo para saber mais:
&nbsp;</texto>	
		<texto>Os endereços <I>unicast</I> identificam apenas uma única interface. Desse modo, um pacote enviado a um endereço <I>unicast</I> é entregue a uma única interface.
&nbsp;</texto>
		<texto>Clique abaixo para conhecer os diversos tipos de endereço <I>unicast</I>:
&nbsp;</texto>
		<texto>Global <I>unicast</I></texto>
		<texto>Link-local</texto>
		<texto>Unique-local</texto>
		<texto>IPv4 mapeado em IPv6</texto>
		<texto>Loopback</texto>
		<texto>Unspecified</texto>
	</textos_tela>
	<textos_pops>
		<texto><B>Global Unicast</B> - equivalente aos endereços públicos IPv4, este endereço é globalmente roteável e acessível na Internet IPv6.
&nbsp;</texto>		
		<texto><B>Link-local</B> - atribuídos automaticamente, são válidos apenas  dentro do mesmo enlace, utilizando o prefixo <B>FE80::/64</B>, com o espaço de 64 bits reservado para a identificação da interface.
&nbsp;</texto>
		<texto><B>Unique-local</B> -  endereços globalmente únicos utilizados apenas para comunicações locais, geralmente dentro de um mesmo enlace ou conjunto de enlaces, não devendo ser roteáveis na Internet global. São identificados pelo prefixo FC00::/7 seguidos de um ID global único de 40 bits gerado randomicamente.
&nbsp;</texto>
		<texto><B>IPv4 mapeado em IPv6</B> – possui o formato <B>0:0:0:0:0:FFFF:wxyz</B> ou <B>::FFFF:wxyz</B>, onde wxyz é um endereço IPv4 convertido em hexadecimal, é usado para representar um endereço IPv4 como um endereço IPv6 de 128 bits. São utilizados em técnicas de transição.
&nbsp;</texto>	
		<texto><B>Loopback</B> – o endereço especial 0:0:0:0:0:0:0:1 ou ::1 (equivalente ao endereço IPv4 loopback 127.0.0.1) é utilizado para identificar a própria interface.
&nbsp;</texto>
		<texto><B>Unspecified</B> - o endereço especial 0:0:0:0:0:0:0:0 ou ::0 (equivalente ao endereço IPv4 unspecified 0.0.0.0) é utilizado apenas para indicar a ausência de endereço.
&nbsp;</texto>			
	</textos_pops>
	
	<textos_tela>
		<texto>Utilizado para identificar um grupo de interfaces pertencentes a nós diferentes. Um pacote destinado a um endereço <I>anycast</I> é enviado apenas para a interface deste grupo mais próxima da origem.
Este tipo de endereçamento é útil para se detectar rapidamente determinados servidores ou serviços, por exemplo, servidores de DNS, ou ainda para identificar um grupo de roteadores pertencentes a um ISP, identificar um conjunto de roteadores conectados a mesma sub-rede, ou identificar os roteadores que provêem a entrada para um domínio específico.
&nbsp;</texto>
	</textos_tela>
	
	<textos_tela>
		<texto>Semelhante ao endereço <I>anycast</I>, o <I>multicast</I> identifica um grupo de interfaces pertencente a diferentes nós, mas um pacote destinado a um endereço <I>multicast</I> é enviado para todas as interfaces do grupo.
O endereço <I>multicast</I> deriva do bloco <B>FF00::/8</B>, onde o octeto que se segue ao prefixo <B>FF</B> contém quatro <I>flags</I>, que determinam o tempo de vida do pacote, e um valor de quatro bits que define o escopo do grupo <I>multicast</I>. Os 112 bits restantes são utilizados para identificar o grupo <I>multicast</I>.
&nbsp;</texto>
		<texto>Diferente do IPv4, onde o suporte a <I>multicast</I> é opcional já que foi introduzido apenas como uma extensão ao protocolo, no IPv6 todos os nós devem ter suporte ao <I>multicast</I>.
Isto ocorre, porque os endereços <I>multicast</I>  são utilizados por diversas funcionalidades do IPv6, além de substituir o endereço <I>broadcast</I>, responsável por direcionar um pacote para todos os nós de um mesmo domínio, que não é definido no novo protocolo.
Para isso, utiliza-se o endereço <I>multicast "all nodes on link" </I> <B> FF02::1</B>.
&nbsp;</texto>
	</textos_tela>
	<imagens_tela>
		<imagem img="media/menu.swf" />
	</imagens_tela>
	<sons_tela>
		<som som="mp3/5_1_9.mp3" />
	</sons_tela>
</tela>