<?xml version="1.0" encoding="utf-8"?>
<tela>
	<textos_tela>
		<texto>O suporte à mobilidade do IPv6 utiliza da estrutura do novo cabeçalho e o novo protocolo ICMPv6 para tornar seu funcionamento mais eficiente. Para isso:
&nbsp;</texto>
	</textos_tela>
	<textos_bullets>
		<texto>Um novo Cabeçalho de Extensão, o <I>Mobility</I>, foi criado;
&nbsp;</texto>
		<texto>Foi adicionado um novo tipo de Cabeçalho <I>Routing</I>, o <I>Type 2</I>;
&nbsp;</texto>
		<texto>Foram criadas quatro novas mensagens ICMPv6:
&nbsp;</texto>
		<texto><I>Home Agent Address Discovery Request</I>;
&nbsp;</texto>
		<texto><I>Home Agent Address Discovery Reply</I>;
&nbsp;</texto>
		<texto><I>Mobile Prefix Solicitation</I>;
&nbsp;</texto>
		<texto><I>Mobile Prefix Advertisement</I>.
&nbsp;</texto>
	</textos_bullets>

	<sons_tela>
		<som som="mp3/6_2_20_1.mp3" />
		<som som="mp3/6_2_20_2.mp3" />
		<som som="mp3/6_2_20_3.mp3" />
		<som som="mp3/6_2_20_4.mp3" />
		<som som="mp3/6_2_20_5.mp3" />
		<som som="mp3/6_2_20_6.mp3" />
		<som som="mp3/6_2_20_7.mp3" />
		<som som="mp3/6_2_20_8.mp3" />
	</sons_tela>

</tela>