<?xml version="1.0" encoding="utf-8"?>
<tela>
	<textos_tela>
		<centro><B>Informações sobre o IPv6 em português</B>
&nbsp;</centro>
		<texto></texto>
		<texto></texto>
		<texto></texto>
		<texto></texto>
	</textos_tela>
	<textos_bullets>
		<texto></texto>
		<texto><a href="http://ipv6.br" target="_blank">http://ipv6.br</a> - Este sítio Internet é parte do projeto IPv6.br e tem por objetivo divulgar informações sobre esta nova versão do Protocolo Internet, incentivando e ajudando a criar condições para sua implantação nas redes e na Internet brasileiras.
&nbsp;</texto>
		<texto><a href="http://portalipv6.lacnic.net" target="_blank">http://portalipv6.lacnic.net/pt-br</a> - Sítio Internet do LACNIC onde pode-se encontrar informações relevantes e atualizadas, experiências, apresentações e todo tipo de dados que contribuam à transição e adaptação ao novo protocolo IPv6. O conteúdo do sítio está disponibilizado em português, inglês e espanhol.
&nbsp;</texto>
		<texto><a href="http://maputo.ip6.fccn.pt" target="_blank">http://maputo.ip6.fccn.pt/</a> - Este sítio apresenta um tutorial sobre IPv6, com material em português desenvolvido pelo projeto 6deploy, além de exercícios de laboratório utilizando o novo Protocolo Internet.
&nbsp;</texto>
	</textos_bullets>
	
	<imagens_tela>
		<imagem img="media/menu_objetivos.swf" />
	</imagens_tela>
</tela>