<?xml version="1.0" encoding="utf-8"?>
<tela>
	<textos_tela>
		<centro><B>Seja bem-vindo.</B>
&nbsp;</centro>
	</textos_tela>
	
	<textos_bullets>
		<centro><B>Ao concluir este módulo, você:</B>
&nbsp;</centro>
		<texto>conhecerá as principais ameaças à segurança das redes de computadores e  saberá o que muda com a implantação do IPv6;
&nbsp;</texto>
		<texto>entenderá a importância da utilização e o funcionamento do protocolo de segurança IPSec;
&nbsp;</texto>
		<texto>compreenderá como algumas mudanças na arquitetura do protocolo IPv6 poderão tornar a comunicação mais segura;
&nbsp;</texto>
		<texto>conhecerá algumas práticas simples que podem aumentar a segurança das redes.
&nbsp;</texto>
	</textos_bullets>
	
	<sons_tela>
		<som som="mp3/7_1_1_1.mp3" />
		<som som="mp3/7_1_1_2.mp3" />
		<som som="mp3/7_1_1_3.mp3" />
		<som som="mp3/7_1_1_4.mp3" />
		<som som="mp3/7_1_1_5.mp3" />
		<som som="mp3/7_1_1_6.mp3" />
	</sons_tela>
</tela>