<?xml version="1.0" encoding="utf-8"?>
<tela>
	<textos_tela>
		<texto><B>Parte 2:</B>
&nbsp;</texto>
		<texto>O protocolo de Descoberta de Vizinhança do IPv6 é utilizado por <I>hosts</I> e roteadores para os seguintes propósitos:
&nbsp;</texto>
		<texto>Eles tornam mais dinâmicos alguns processos de configuração de rede em relação ao IPv4, combinando as funções de protocolos como ARP, ICMP Router Discovery e ICMP Redirect, além de adicionar novos métodos não existentes na versão anterior do protocolo IP.
&nbsp;</texto>
	</textos_tela>
	<textos_bullets>
		<texto>Descoberta de Vizinhança
&nbsp;</texto>
		<texto>O protocolo de Descoberta de Vizinhança agrega funcionalidades já utilizadas com o IPv4, agora modificadas e aprimoradas, além de outros processos que foram adicionados, que visam facilitar a configuração de uma rede.
&nbsp;</texto>
		<texto>Agora, vamos aprender como este protocolo funciona.
&nbsp;</texto>
	</textos_bullets>
	<textos_bullets>
		<texto>determinar o endereço MAC dos nós da rede;
&nbsp;</texto>
		<texto>encontrar roteadores vizinhos;
&nbsp;</texto>
		<texto>determinar prefixos e outras informações de configuração da rede;
&nbsp;</texto>
		<texto>detectar endereços duplicados;
&nbsp;</texto>
		<texto>determinar a acessibilidades dos roteadores;
&nbsp;</texto>
		<texto>redirecionamento de pacotes;
&nbsp;</texto>
		<texto>autoconfiguração de endereços.
&nbsp;</texto>
	</textos_bullets>

	<sons_tela>
		<som som="mp3/no_sound.mp3" />
		<som som="mp3/no_sound.mp3" />
		<som som="mp3/6_1_7_3.mp3" />
		<som som="mp3/6_1_7_4.mp3" />
		<som som="mp3/6_1_7_5.mp3" />
		<som som="mp3/6_1_7_6.mp3" />
		<som som="mp3/6_1_7_7.mp3" />
		<som som="mp3/6_1_7_8.mp3" />
		<som som="mp3/6_1_7_9.mp3" />
		<som som="mp3/6_1_7_10.mp3" />
		<som som="mp3/6_1_7_11.mp3" />
		<som som="mp3/6_1_7_12.mp3" />
		<som som="mp3/6_1_7_13.mp3" />
	</sons_tela>

</tela>