<?xml version="1.0" encoding="utf-8"?>
<tela>
	<textos_tela>
		<texto>Outro fator que pode facilitar a transição entre os protocolos IP é o fato de já ser possível encontrar diversos aplicativos adaptados ao novo protocolo, e que os principais Sistemas Operacionais lançados nos últimos anos já estão preparados para suportar o IPv6.
&nbsp;</texto>
		<texto>Para mais detalhes sobre o suporte ao IPv6 nos SOs, clique nos respectivos logotipos aos lado.
&nbsp;</texto>
	</textos_tela>

	<textos_pops>
		<texto><B>Microsoft Windows</B>
A primeira versão oficial de suporte ao IPv6 foi lançada junto com o Service Pack 1 para o Windows XP. Atualmente, as versões XP SP2 e SP3, Vista, 2003 Server, 2008 Server e CE apresentam uma versão mais aprimorada.
&nbsp;</texto>	
		<texto><B>MAC OS X</B>
O suporte ao IPv6 acompanha o MAC OS X desde a versão 10.2 Jaguar e, por padrão, o IPv6 já vem habilitado.
&nbsp;</texto>
	<texto><B>Linux</B>
O primeiro código relacionado ao IPv6 foi adicionado ao kernel do Linux na versão 2.1.8, ainda com muitas limitações. Um suporte estável passou a ser compilado junto ao kernel a partir da versão 2.2.x.
&nbsp;</texto>
		<texto><B>BSD</B>
O FreeBSD apresenta suporte ao IPv6 desde a versão 4.0. Já com o NetBSD este é utilizado desde dezembro de 2000 na versão 1.5. No OpenBSD, a versão 2.7 já apresentava suporte ao IPv6.
&nbsp;</texto>
	</textos_pops>

	<imagens_tela>
		<imagem img="media/bt_windows.swf" />
		<imagem img="media/bt_mac.swf" />
		<imagem img="media/bt_linux.swf" />
		<imagem img="media/bt_bsd.swf" />
	</imagens_tela>
	
	<sons_tela>
		<som som="mp3/3_1_8_1.mp3" />
		<som som="mp3/3_1_8_2.mp3" />		
	</sons_tela>
</tela>