<?xml version="1.0" encoding="utf-8"?>
<tela>
	<textos_tela>
		<centro>Outras extensões DNS foram testadas, mas tiveram sua utilização descontinuada:
&nbsp;</centro>
	</textos_tela>
	<textos_bullets>
		<texto><B>Os registros</B>
&nbsp;</texto>
		<texto>A6
&nbsp;</texto>
		<texto>DNAME
&nbsp;</texto>
		<texto><B>E o domínio para a resolução de reverso</B>
&nbsp;</texto>
		<texto>ip6.int
&nbsp;</texto>
	</textos_bullets>
	
	<sons_tela>
		<som som="mp3/6_2_9_1.mp3" />
		<som som="mp3/6_2_9_2.mp3" />
		<som som="mp3/6_2_9_3.mp3" />
		<som som="mp3/6_2_9_4.mp3" />
		<som som="mp3/6_2_9_5.mp3" />
		<som som="mp3/6_2_9_6.mp3" />
	</sons_tela>

</tela>