<?xml version="1.0" encoding="utf-8"?>
<tela>
	<textos_tela>
		<texto>Um quesito muito importante no gerenciamento de redes, a sincronização dos relógios dos computadores pode refletir de forma significativa no funcionamento de diversos softwares e sistemas, além da segurança dos computadores, redes e da própria Internet.
&nbsp;</texto>
		<texto>Com a utilização do prtocolo NTP (<I>Network Time Protocol</I>) é possível manter o relógio do computador sempre com a hora certa, com exatidão de alguns milésimos de segundo. Isto pode ser feito sincronizando o relógio do computador com um servidor NTP público.
&nbsp;</texto>
	</textos_tela>
	<imagens_tela>
		<imagem img="media/rede_comps.swf" />
		<imagem img="media/relogio.swf" />
	</imagens_tela>
	
	<sons_tela>
		<som som="mp3/8_1_16_1.mp3" />
		<som som="mp3/8_1_16_2.mp3" />
	</sons_tela>

</tela>