<?xml version="1.0" encoding="utf-8"?>
<tela>
	<textos_tela>
		<texto>Essas mudanças tornaram o cabeçalho do IPv6 mais flexível, prevendo sua extensão por meio de cabeçalhos adicionais.
&nbsp;</texto>
		<texto>Tornou-se também mais simples, com apenas oito campos e um tamanho fixo de 40 Bytes. 
&nbsp;</texto>
		<texto>Deste modo, mesmo com um espaço para endereçamento de 128 bits, quatro vezes maior que os 32 bits do IPv4, o tamanho total do cabeçalho IPv6 é apenas duas vezes maior que o da versão anterior.  
&nbsp;</texto>	
	</textos_tela>
	
	<imagens_tela>
		<imagem img="media/tabela_bits3.swf" />
		<imagem img="media/tabela_bits.swf" />
		<imagem img="media/tabela_bits2.swf" />
	</imagens_tela>
	
	<sons_tela>
		<som som="mp3/4_1_6_1.mp3" />
		<som som="mp3/4_1_6_2.mp3" />
		<som som="mp3/4_1_6_3.mp3" />
	</sons_tela>
</tela>