<?xml version="1.0" encoding="utf-8"?>
<tela>
	<textos_tela>
		<texto><B>Parte 2:</B>
&nbsp;</texto>
		<texto>O protocolo SNMP (<I>Simple Network Management Protocol</I>) é a principal ferramenta de gerenciamento utilizada em redes IPv4.
&nbsp;</texto>
		<texto>Seu funcionamento baseia-se na utilização de um agente e de um gerente. Cada dispositivo gerenciado deve possuir um agente e uma base de dados referente ao seu estado atual, que pode ser consultada e alterada pelo gerente.
&nbsp;</texto>
		<texto>O conjunto desses dados, ou objetos gerenciados, é conhecido como MIB (<I>Management Information Base</I>), e possui especificações definidas por um padrão próprio, independente do SNMP.
&nbsp;</texto>
	</textos_tela>
	<textos_bullets>
		<texto>Gerenciamento de Rede
&nbsp;</texto>
		<texto>A partir da troca de informações entre dispositivos de rede, é possível gerenciar seu desempenho, detectar e solucionar problemas, controlar equipamentos, além de outras inúmeras atividades que permitam obter o máximo desempenho desta rede.
&nbsp;</texto>
		<texto>Com a adoção do novo Protocolo Internet, é preciso que existam tais informações sobre IPv6 e que se possa obtê-las através da rede IPv6. Vejamos agora como isto ocorre.
&nbsp;</texto>
	</textos_bullets>
	<imagens_tela>
		<imagem img="media/rede_gerente.swf" />
	</imagens_tela>
	
	<sons_tela>
		<som som="mp3/no_sound.mp3" />
		<som som="mp3/no_sound.mp3" />
		<som som="mp3/8_1_10_3.mp3" />
		<som som="mp3/8_1_10_4.mp3" />
		<som som="mp3/8_1_10_5.mp3" />
		<som som="mp3/8_1_10_6.mp3" />
		<som som="mp3/8_1_10_7.mp3" />
	</sons_tela>

</tela>