<?xml version="1.0" encoding="utf-8"?>
<tela>

	<textos_tela>
		<texto>Deste modo, os nós IPv6 realizam a fragmentação dos pacotes apenas na origem, reduzindo o <I>overhead</I> do cálculo dos cabeçalhos alterados nos roteadores intermediários.
&nbsp;</texto>
	</textos_tela>
	
	<textos_bullets>
		<texto></texto>
		<texto></texto>		
	</textos_bullets>
	
	<imagens_tela>
		<imagem img="media/dados_frag.swf" />
	</imagens_tela>
	
	<sons_tela>
		<som som="mp3/6_2_5.mp3" />
	</sons_tela>
	
</tela>