<?xml version="1.0" encoding="utf-8"?>
<tela>
	<textos_tela>
		<texto>Embora o SNMP seja amplamente utilizado devido a sua simplicidade, quando é necessária uma análise mais detalhada da rede, podemos aplicar uma abordagem alternativa que consiste em recolher informações sobre cada pacote.
&nbsp;</texto>
		<texto>Neste método, equipamentos de rede, por exemplo, um roteador, enviam periodicamente informações sobre um determinado fluxo de dados para um dispositivo chamado coletor, que armazena e interpreta esses dados.
&nbsp;</texto>
	</textos_tela>
	<imagens_tela>
		<imagem img="media/rede_trafego.swf" />
	</imagens_tela>
	
	<sons_tela>
		<som som="mp3/8_1_13_1.mp3" />
		<som som="mp3/8_1_13_2.mp3" />
	</sons_tela>

</tela>