<?xml version="1.0" encoding="utf-8"?>
<tela>

	<textos_tela>
		<texto>No DHCPv6, cliente e servidor trocam mensagens utilizando o protocolo UDP.
&nbsp;</texto>
		<texto>Os clientes utilizam um endereço <I>link-local</I> para transmitir ou receber mensagens DHCP, enquanto que os servidores utilizam um endereço <I>multicast</I> reservado (<B>FF02::1:2 ou FF05::1:3</B>) para receber mensagens dos clientes. Caso o cliente necessite enviar uma mensagem a um servidor que esteja fora de seu enlace, é utilizado um Relay DHCP.
&nbsp;</texto>
		<texto><I>stateful configuration</I> – indica se os <I>hosts</I> devem utilizar a autoconfiguração stateful para obter informações adicionais, como endereços de servidores DNS. Isto é importante, pois na autoconfiguração stateless não há como enviar aos clientes o endereço de servidores DNS.
&nbsp;</texto>
		<texto><B>
</B></texto>	
	</textos_tela>
	
	<textos_bullets>
		<texto>terá entendido por que é preciso implantar o IPv6 na Internet e nas redes;</texto>
	</textos_bullets>
	
	<imagens_tela>
		<imagem img="media/menu_objetivos.swf" />
	</imagens_tela>
	
	<sons_tela>
		<som som="mp3/6_1_24_1.mp3" />
		<som som="mp3/6_1_24_2.mp3" />
		<som som="mp3/no_sound.mp3" />
	</sons_tela>
	
</tela>