<?xml version="1.0" encoding="utf-8"?>
<tela>
	<textos_tela>
		<texto><B>Parte 6:</B>
&nbsp;</texto>
		<texto>O DNS é uma imensa base de dados distribuída utilizado para a resolução de nomes de domínios em endereços IP e vice-versa.
&nbsp;</texto>
		<texto>Sua arquitetura é hierárquica, com os dados dispostos em uma árvore invertida, distribuída eficientemente em um sistema descentralizado e com cache.
&nbsp;</texto>
		<texto>Embora os dados contidos na árvore de DNS sejam independentes da versão de IP utilizada pelo servidor de DNS, algumas mudanças foram necessárias para que estes servidores pudessem trabalhar com consultas a endereços IPv6.
&nbsp;</texto>
	</textos_tela>
	<textos_bullets>
		<texto>DNS
&nbsp;</texto>
		<texto>Para que o <I>Domain Name System </I>(DNS), utilizado para a resolução de nomes de domínios em endereços IP e vice-versa, suporte <I>hosts</I> que trabalhem com a versão 6 do protocolo IP, algumas mudanças em sua estrutura foram necessárias.
&nbsp;</texto>
		<texto>Nesta parte do curso apresentaremos estas mudanças e estudaremos o funcionamento básico do DNS.
&nbsp;</texto>
	</textos_bullets>
	<textos_bullets>
		<texto><p align="right">www.ceptro.br</p>
&nbsp;</texto>
		<texto>200.160.4.20
&nbsp;</texto>
		<texto><p align="right">www.ipv6.br</p>
&nbsp;</texto>
		<texto>2001:12ff:0:4::22
&nbsp;</texto>
	</textos_bullets>
	<imagens_tela>
		<imagem img="media/fluxo_dns.swf" />
		<imagem img="media/seta_dupla.swf" />
		<imagem img="media/seta_dupla.swf" />
	</imagens_tela>

	<sons_tela>
		<som som="mp3/no_sound.mp3" />
		<som som="mp3/no_sound.mp3" />
		<som som="mp3/6_2_7_3.mp3" />
		<som som="mp3/6_2_7_4.mp3" />
		<som som="mp3/6_2_7_5.mp3" />
		<som som="mp3/6_2_7_6.mp3" />
		<som som="mp3/6_2_7_7.mp3" />
	</sons_tela>

</tela>