<?xml version="1.0" encoding="utf-8"?>
<tela>
	<textos_box>
		<centro><font size="24"><B>Tradução</B>
&nbsp;</font></centro>
		<texto>As técnicas de tradução possibilitam um roteamento transparente na comunicação entre nós que apresentem suporte apenas a uma versão do protocolo IP, ou utilizem Pilha Dupla.
&nbsp;</texto>
		<texto>Elas podem atuar de diversas formas e em camadas distintas, traduzindo cabeçalhos IPv4 em cabeçalhos IPv6 e vice-versa, realizando conversões de endereços, de APIs (<I>Aplication Program Interface</I>) de programação, ou atuando na troca de tráfego TCP ou UDP. 
&nbsp;</texto>
	</textos_box>
	
	<imagens_tela>
		<imagem img="media/dados_traducao.swf" />
	</imagens_tela>
	
	<sons_tela>
		<som som="mp3/no_sound.mp3" />
		<som som="mp3/9_1_14_1.mp3" />
		<som som="mp3/9_1_14_2.mp3" />
	</sons_tela>
</tela>