<?xml version="1.0" encoding="utf-8"?>
<tela>
	<textos_tela>
		<centro>Mensagens Redirection são enviadas por roteadores para redirecionar um host automaticamente a um roteador mais apropriado ou para informar ao host que destino encontra-se no mesmo enlace. Este mecanismo é igual ao que existe no IPv4.
&nbsp;</centro>
	</textos_tela>
	<textos_bullets>
		<texto></texto>
		<texto></texto>		
	</textos_bullets>
	
	<imagens_tela>
		<imagem img="media/dados_frag2.swf" />
	</imagens_tela>
</tela>