<?xml version="1.0" encoding="utf-8"?>
<tela>
	<textos_tela>
		<centro><B>Licença deste material</B>
&nbsp;</centro>
		<texto></texto>
		<texto></texto>
		<texto></texto>
		<texto></texto>
	</textos_tela>
	<textos_bullets>
		<texto></texto>
		<texto><font size="11">O conteúdo deste curso, exceto as <B>marcas registradas</B> utilizadas,  está disponível sob a licença <B>Uso Não-Comercial-Vedada a Criação de Obras Derivadas 3.0 Unported</B>.</font>
&nbsp;</texto>
		<texto><font size="11"><B>A Licença Creative Commons Atribuição Uso Não-Comercial-Vedada a Criação de Obras Derivadas 3.0 Unported permite:</B></font>
&nbsp;</texto>
		<texto><font size="11">copiar, distribuir, exibir e executar a obra</font>
&nbsp;</texto>
		<texto><font size="11">Sob as seguintes condições:</font>
&nbsp;</texto>
		<texto><font size="11"><B>Atribuição</B>. Você deve dar crédito ao autor original, da forma especificada pelo autor ou licenciante.</font>
&nbsp;</texto>
		<texto><font size="11"><B>Uso Não-Comercial</B>. Você não pode utilizar esta obra com finalidades comerciais.</font>
&nbsp;</texto>
		<texto><font size="11"><B>Vedada a Criação de Obras Derivadas</B>. Você não pode alterar, transformar ou criar outra obra com base nesta.</font>
&nbsp;</texto>
		<texto><font size="11">Para cada novo uso ou distribuição, você deve deixar claro para outros os termos da licença desta obra.</font>
&nbsp;</texto>
		<texto><font size="11">Qualquer uma destas condições podem ser renunciadas, desde que você obtenha permissão do autor.   Se necessário, o NIC.br pode ser consultado através do email ipv6@nic.br.</font> 
&nbsp;</texto>
		<texto><font size="11">Nada nesta licença prejudica ou restringe os direitos morais do autor.</font>
&nbsp;</texto>
	</textos_bullets>
	
	<imagens_tela>
		<imagem img="media/menu_objetivos.swf" />
	</imagens_tela>
</tela>