<?xml version="1.0" encoding="utf-8"?>
<tela>
	<textos_tela>
		<texto><B>Parte 3:</B></texto>
	</textos_tela>
	
	<textos_bullets>
		<texto>O IPv6</texto>
		<texto>Agora já entendemos o grave problema da infraestrutura hoje existente na Internet: A escassez de novos endereços IP.
&nbsp;</texto>
		<texto>O IPv6 foi desenvolvido para solucionar definitivamente essa questão, e também traz uma série de avanços.
&nbsp;</texto>	
		<texto>Vamos conhecer um pouco sobre o novo protocolo Internet.
&nbsp;</texto>	
	</textos_bullets>
	
	<imagens_tela>
		<imagem img="media/menu_objetivos.swf" />
	</imagens_tela>
	
	<sons_tela>
		<som som="mp3/no_sound.mp3" />
		<som som="mp3/no_sound.mp3" />
		<som som="mp3/2_1_23_1.mp3" />
		<som som="mp3/2_1_23_2.mp3" />
		<som som="mp3/2_1_23_3.mp3" />
	</sons_tela>
	
</tela>