<?xml version="1.0" encoding="utf-8"?>
<tela>
	<textos_tela>
		<texto>Órgãos governamentais também têm lançado ações para a implantação do IPv6 em alguns países.
&nbsp;</texto>
		<texto>Seja através da recomendação do uso em suas repartições, ou mesmo ações mandatórias como ocorreu nos EUA, existe um incentivo global por parte dos Governos no que diz respeito à utilização dessa nova versão do protocolo IP.
&nbsp;</texto>
	</textos_tela>
	<textos_bullets>
		<texto></texto>
	</textos_bullets>
	
	<imagens_tela>
		<imagem img="media/mapa_mundi.swf" />
	</imagens_tela>
	
	<sons_tela>
		<som som="mp3/3_1_12_1.mp3" />
		<som som="mp3/3_1_12_2.mp3" />		
	</sons_tela>
</tela>