<?xml version="1.0" encoding="utf-8"?>
<tela>
	<textos_tela>
		<texto>O IPSec não é um único protocolo, ele é um <I>framework</I> de segurança, visto que para realizar suas funções ele faz uso de recursos independentes.
&nbsp;</texto>
		<texto>Ele utiliza dois Cabeçalhos de Extensão do IPv6: o <I>Authentication Header</I> (AH), para garantir a autenticação; e o <I>Encapsulating Security Payload</I> (ESP) para garantir confidencialidade dos pacotes transmitidos. Além de gerar e gerenciar chaves de segurança a partir do protocolo <I>Internet Key Exchange</I> (IKE).
&nbsp;</texto>
	</textos_tela>	
	
	<sons_tela>
		<som som="mp3/7_1_6_1.mp3" />
		<som som="mp3/7_1_6_2.mp3" />		
	</sons_tela>
</tela>