<?xml version="1.0" encoding="utf-8"?>
<tela>
	<textos_tela>
		<texto>Em comparação com o IPv4, o suporte à mobilidade IPv6:
&nbsp;</texto>
	</textos_tela>
	<textos_bullets>
		<texto>Não necessita implantar roteadores especiais na rede remota;
&nbsp;</texto>
		<texto>Envia os pacotes por meio do endereço remoto, evitando problemas de segurança;
&nbsp;</texto>
		<texto>Garante acessibilidade simétrica entre o nó móvel e o roteador padrão na rede remota por meio do processo de Detecção de Vizinhos Inacessíveis;
&nbsp;</texto>
		<texto>Envia os pacotes por meio do cabeçalho de roteamento em vez de encapsulados;
&nbsp;</texto>
		<texto>Utiliza o protocolo de Descoberta de Vizinhança, em vez de ARP, permitindo que o processo de interceptação dos pacotes não dependa da camada de enlace;
&nbsp;</texto>
		<texto>Faz  a busca por agentes utilizando anycast, garantindo que o nó móvel receba apenas a reposta de um único Agente de Origem. No IPv4 utiliza-se <I>broadcast</I>, isto implica em uma resposta separada para cada Agente de Origem existente;
&nbsp;</texto>
		<texto>O uso do IPSec é recomendado para aumentar o nível de segurança neste tipo de comunicação.
&nbsp;</texto>
	</textos_bullets>
	
	<sons_tela>
		<som som="mp3/6_2_21_1.mp3" />
		<som som="mp3/6_2_21_2.mp3" />
		<som som="mp3/6_2_21_3.mp3" />
		<som som="mp3/6_2_21_4.mp3" />
		<som som="mp3/6_2_21_5.mp3" />
		<som som="mp3/6_2_21_6.mp3" />
		<som som="mp3/6_2_21_7.mp3" />
		<som som="mp3/6_2_21_8.mp3" />
	</sons_tela>

</tela>