<?xml version="1.0" encoding="utf-8"?>
<tela>
	<textos_tela>
		<texto><font size="25"><B>DHCP</B>.</font></texto>
		<texto></texto>
		<texto>Contudo, os módulos:
&nbsp;</texto>
		<texto>são também adequados a um público mais diverso, sem conhecimentos técnicos, como usuários Internet, gestores e interessados em geral. Eles foram escritos numa linguagem simplificada, evitando termos técnicos, ou explicando-os, quando preciso.
&nbsp;</texto>
		<texto>Os demais módulos requerem o conhecimento técnico dos conceitos básicos de Internet e redes.
&nbsp;</texto>	
	</textos_tela>
	<textos_bullets>
		<texto>É um protocolo que permite uma <B>alocação dinâmica de endereços IP.</B></texto>
		<texto>Com isso, surgiu a possibilidade dos provedores reutilizarem endereços fornecidos aos clientes para conexões não permanentes. Um exemplo são as conexões realizadas por meio de linhas discadas ou ADSL.
&nbsp;</texto>		
	</textos_bullets>
	
	<imagens_tela>
	<imagem img="media/menu_cidr_alvo.swf" />
	</imagens_tela>
</tela>