<?xml version="1.0" encoding="utf-8"?>
<tela>
	<textos_box>
		<texto>Para sincronizar e gerenciar as tabelas de roteamento de forma dinâmica, são utilizados os Protocolos de Roteamento.
&nbsp;</texto>
		<texto>Estes protocolos dividem-se em dois tipos:
&nbsp;</texto>
	</textos_box>
	<textos_tela>
		<texto>Os protocolos que distribuem as informações dos roteadores dentro de Sistemas Autônomos (AS – <I>Autonomous System</I>) são chamados de <I>Interior Gateway Protocols</I> (IGP). Abordaremos neste curso, como os protocolos IGP <I>Routing Information Protocol next generation</I> (RIPng), <I>Open Shortest Path First version 3</I> (OSPFv3) e <I>Intermediate System to Intermediate System</I> (IS-IS), tratam o roteamento IPv6.
&nbsp;</texto>
		<texto>Os protocolos que distribuem as informações entre AS distintos são chamados de <I>Exterior Gateway Protocols</I> (EGP). No IPv6, normalmente utiliza-se as extensões para multiprotocolos do <I>Border Gateway Protocol</I> (BGP).
&nbsp;</texto>
	</textos_tela>
	<imagens_tela>
		<imagem img="media/caixas_seta.swf" />
	</imagens_tela>
	
	<sons_tela>
		<som som="mp3/8_1_3_1.mp3" />
		<som som="mp3/8_1_3_2.mp3" />
		<som som="mp3/8_1_3_3.mp3" />
		<som som="mp3/8_1_3_4.mp3" />
	</sons_tela>

</tela>