<?xml version="1.0" encoding="utf-8"?>
<tela>
	<textos_tela>
		<texto>Embora as funcionalidades do IPSec sirvam como proteção contra algumas ameaças à segurança, como técnicas de falsificação de endereços (<I>spoofing</I>), ataques de negação de serviço (DoS) e análise de tráfego (<I>sniffing</I>), ainda existem diversas outras ameaças aos dados que trafegam na rede:
&nbsp;</texto>
		<texto>Ataques usando ICMPv6</texto>		
		<texto>Varredura de endereços (<I>scanning</I>)</texto>
		<texto>Ataques Físicos</texto>
		<texto>Descoberta de Senhas</texto>
		<texto>Vírus, Cavalos de Tróia e <I>Worms</I></texto>
		<texto>Ataques a aplicações</texto>
		<texto>Ataques através de métodos de transição</texto>
		<texto><I>Man-in-the-Middle</I></texto>
		<texto>Controle de acesso não autorizado</texto>
		<texto>Acesso Acidental</texto>
		<texto>Engenharia Social</texto>
		<texto>Desastres Naturais</texto>
		<!-- <texto>Suporte obrigatório ao protocolo IPSec;</texto>
		<texto>Suporte aprimorado a conexões móveis;</texto>
		<texto>Melhor tratamento a fragmentação de pacotes;</texto>
		<texto>Funcionalidades que facilitam a configuração de uma rede.</texto> -->
	</textos_tela>
	
	<sons_tela>
		<som som="mp3/7_1_8_1.mp3" />
	</sons_tela>
</tela>