<?xml version="1.0" encoding="utf-8"?>
<tela>
	<textos_tela>
		<texto>A troca de informações entre o gerente e o agente SNMP pode ser feita tanto em conexões IPv4 quanto conexões IPv6, mesmo que essas informações sejam sobre IPv6.
&nbsp;</texto>
		<texto>Porém já existem diversos equipamentos com suporte a SNMP sobre IPv6 que podem ser monitorados em redes com conexões apenas IPv6.
&nbsp;</texto>
	</textos_tela>
	<imagens_tela>
		<imagem img="media/rede_mib.swf" />
	</imagens_tela>
	
	<sons_tela>
		<som som="mp3/8_1_11_1.mp3" />
		<som som="mp3/8_1_11_2.mp3" />
	</sons_tela>

</tela>