<?xml version="1.0" encoding="utf-8"?>
<tela>
	<textos_tela>
		<texto><B>No IPv4</B>, o campo do cabeçalho reservado para o endereçamento possui um espaço de <B>32 bits</B>. Isso possibilita identificar pouco mais de <B>4 bilhões de dispositivos na Internet</B>.
</texto>
		<texto><B>O IPv6</B> possui em seu cabeçalho um espaço reservado para endereçamento de <B>128 bits</B>.Permitindo gerar <B>3,4 x 1038 endereços</B> distintos, equivalente a <B>56 octilhões (5,6 x 1028)</B> de endereços por ser humano na Terra.</texto>
		<texto></texto>	
	</textos_tela>
	
	<imagens_tela>
		<imagem img="media/ipv4_6.swf" />
	</imagens_tela>

	<sons_tela>
		<som som="mp3/5_1_4_1.mp3" />
		<som som="mp3/5_1_4_2.mp3" />
	</sons_tela>
</tela>