<?xml version="1.0" encoding="utf-8"?>
<tela>
	<textos_tela>
		<texto>A IANA (<I>Internet Assigned Numbers Authority</I>) é responsável pelo controle de todos os números IPs, e atualmente, ela realiza suas operações através da ICANN (<I>Internet Corporation for Assigned Names and Numbers</I>).
&nbsp;</texto>
		<texto>A responsabilidade sobre uma parte desses endereços é delegada pela IANA para cada um dos Registros Regionais de Internet (RIRs – <I>Regional Internet Registries</I>), que os gerenciam e distribuem dentro de suas respectivas regiões geográficas. Em nossa região, o responsável é o LACNIC (Registro Regional para a América Latina e Caribe).
&nbsp;</texto>
		<texto>Em alguns países, há também um Registro Nacional de Internet (NIR - <I>National Internet Registry</I>), responsável pela distribuição nacional dos endereços. No Brasil, o Núcleo de Informação e Coordenação do Ponto BR – NIC.br – cumpre essa função.
&nbsp;</texto>
		<texto>Provedores podem ser considerados Registros Locais de Internet (LIRs - <I>Local Internet Registries</I>), distribuindo os endereços aos usuários finais ou a outros provedores.
&nbsp;</texto>
	</textos_tela>	
	
	<imagens_tela>
		<imagem img="media/mapa.swf" />		
	</imagens_tela>
	
	<sons_tela>
		<som som="mp3/2_1_9_1.mp3" />
		<som som="mp3/2_1_9_2.mp3" />
		<som som="mp3/2_1_9_3.mp3" />
		<som som="mp3/2_1_9_4.mp3" />
	</sons_tela>
	
</tela>