<?xml version="1.0" encoding="utf-8"?>
<tela>
	<textos_tela>
		<texto><B>Autoconfiguração de Endereços <I>Stateless</I></B>
&nbsp;</texto>
		<texto>Trata-se de um mecanismo que permite aos nós a configuração automática dos endereços em suas interfaces, sem a utilização de servidores DHCP.
&nbsp;</texto>
		<texto>Este mecanismo será detalhado na próxima parte desse curso.
&nbsp;</texto>
		<texto><B>
</B></texto>	
	</textos_tela>
	<textos_bullets>
		<texto>terá entendido por que é preciso implantar o IPv6 na Internet e nas redes;</texto>
		<texto>compreenderá as principais características do novo protocolo e suas diferenças em relação à versão anterior, o IPv4;</texto>
		<texto>saberá como se dará a transição para o IPv6 e</texto>
		<texto>será capaz de aprofundar seu conhecimento através de livros, cursos, sítios Web e por meio de experimentos práticos.</texto>
	</textos_bullets>
	
	<imagens_tela>
		<imagem img="media/menu_objetivos.swf" />
	</imagens_tela>
	
	<sons_tela>
		<som som="mp3/6_1_18_1.mp3" />
		<som som="mp3/6_1_18_2.mp3" />
		<som som="mp3/6_1_18_3.mp3" />
	</sons_tela>
</tela>