<?xml version="1.0" encoding="utf-8"?>
<tela>
	<textos_tela>
		<texto>Uma rede é formada por dois ou mais <B>computadores interligados</B> por algum meio físico e que <B>são capazes de se comunicar</B>, utilizando um <B>conjunto de regras e códigos em comum</B>.
		&nbsp;</texto>
		<texto>Esse <B>conjunto de regras</B> é o equivalente – para os computadores – à <B>Linguagem</B> dos seres humanos e é chamado de Protocolo.
		&nbsp;</texto>
		<texto>Uma internet é a interligação de várias redes de computadores.
		&nbsp;</texto>
		<texto>A palavra internet significa ligação entre redes.
		&nbsp;</texto>
		<texto>Um protocolo foi projetado especialmente para construir esse tipo de ligação. Ele é chamado de IP, que é abreviação de Internet Protocol, ou, em português, Protocolo Internet.
		&nbsp;</texto>
	</textos_tela>	
	
	<imagens_tela>
		<imagem img="media/pc_flecha.swf" />		
	</imagens_tela>
</tela>