<?xml version="1.0" encoding="utf-8"?>
<tela>
	<textos_tela>
		<texto>Deste modo, haverá inicialmente um período de coexistência entre os dois protocolos.
&nbsp;</texto>
		<texto>E neste primeiro momento, manter a  compatibilidade entre as versões do protocolo IP torna-se essencial para o sucesso da transição para o IPv6.
&nbsp;</texto>
		<texto>Isto poderá ser obtido com a utilização dos mecanismos de transição, Tunelamento, Tradução e principalmente Pilha Dupla. O funcionamento desses mecanismos será apresentado no decorrer deste curso.
&nbsp;</texto>
		<texto><B>Você sabe como funciona a Internet?</B></texto>	
	</textos_tela>
	
	<textos_bullets>
		<texto>terá entendido por que é preciso implantar o IPv6 na Internet e nas redes;</texto>
		<texto>compreenderá as principais características do novo protocolo e suas diferenças em relação à versão anterior, o IPv4;</texto>
		<texto>saberá como se dará a transição para o IPv6 e</texto>
		<texto>será capaz de aprofundar seu conhecimento através de livros, cursos, sítios Web e por meio de experimentos práticos.</texto>
	</textos_bullets>
	
	<imagens_tela>
		<imagem img="media/note1.swf" />
	</imagens_tela>
	
	<sons_tela>
		<som som="mp3/3_1_4_1.mp3" />
		<som som="mp3/3_1_4_2.mp3" />
		<som som="mp3/3_1_4_3.mp3" />		
	</sons_tela>
</tela>