<?xml version="1.0" encoding="utf-8"?>
<tela>
	<textos_tela>
		<texto>Para solucionar esses problemas o IETF criou o grupo de trabalhado chamado de <I>SEcuring Neighbor Discovery</I>.
&nbsp;</texto>
		<centro><font size="50" color="#666666"><B>SEND</B></font></centro>
		<texto>Esse grupo definiu um suporte para a segurança do protocolo de Descoberta de Vizinhança que não exige configuração manual de endereços. Para isso, a proposta de solução contém os seguintes itens:
&nbsp;</texto>
		<texto><B>Você sabe como funciona a Internet?</B></texto>	
	</textos_tela>
	<textos_bullets>
		<texto>terá entendido por que é preciso implantar o IPv6 na Internet e nas redes;</texto>
		<texto>compreenderá as principais características do novo protocolo e suas diferenças em relação à versão anterior, o IPv4;</texto>
		<texto>saberá como se dará a transição para o IPv6 e</texto>
		<texto>será capaz de aprofundar seu conhecimento através de livros, cursos, sítios Web e por meio de experimentos práticos.</texto>
	</textos_bullets>
	
	<imagens_tela>
		<imagem img="media/menu_objetivos.swf" />
	</imagens_tela>
	
	<sons_tela>
		<som som="mp3/7_1_10_1.mp3" />
		<som som="mp3/7_1_10_2.mp3" />
	</sons_tela>
</tela>