<?xml version="1.0" encoding="utf-8"?>
<tela>
	<textos_tela>
		<texto><B>Parte 1:</B></texto>
	</textos_tela>
	<textos_bullets>
		<texto>ICMPv6
&nbsp;</texto>
		<texto>Para entendermos como os principais serviços do IPv6 são executados, precisamos conhecer primeiramente como funciona o protocolo ICMPv6 e quais as diferenças em relação a versão utilizada com o IPv4.
&nbsp;</texto>
		<texto>Vamos conhecer agora as mensagens ICMPv6 e de que forma elas são utilizadas.
&nbsp;</texto>
	</textos_bullets>
	<sons_tela>
		<som som="mp3/no_sound.mp3" />
		<som som="mp3/no_sound.mp3" />
		<som som="mp3/6_1_2_1_3.mp3" />
		<som som="mp3/6_1_2_1_4.mp3" />
	</sons_tela>
	
</tela>