<?xml version="1.0" encoding="utf-8"?>
<tela>
	<textos_tela>
		<centro><B>Observação</B>
&nbsp;</centro>
		<texto>Marcas e nomes comerciais registrados foram utilizados neste curso para fazer referência a entidades que se declaram proprietárias dessas marcas e nomes ou a seus produtos. O NIC.br declara que não têm qualquer interesse de propriedade sobre as marcas registradas ou nomes comerciais que não sejam os seus próprios.
&nbsp;</texto>
		<texto>As marcas e logotipos utilizados são marcas registradas de seus respectivos proprietários.
&nbsp;</texto>
		<texto><B>Você sabe como funciona a Internet?</B></texto>	
	</textos_tela>
	<textos_bullets>
		<texto>terá entendido por que é preciso implantar o IPv6 na Internet e nas redes;</texto>
		<texto>compreenderá as principais características do novo protocolo e suas diferenças em relação à versão anterior, o IPv4;</texto>
		<texto>saberá como se dará a transição para o IPv6 e</texto>
		<texto>será capaz de aprofundar seu conhecimento através de livros, cursos, sítios Web e por meio de experimentos práticos.</texto>
	</textos_bullets>
	
	<imagens_tela>
		<imagem img="media/menu_objetivos.swf" />
	</imagens_tela>
</tela>