<?xml version="1.0" encoding="utf-8"?>
<tela>
	<textos_tela>
		<texto>Existem diversas técnicas de tunelamento disponíveis. Os cenários onde podem ser aplicados, as dificuldades de implementação e a diferença de performance variam significativamente entre cada modelo, necessitando uma análise detalhada de cada um.
&nbsp;</texto>
		<texto>Clique nos botões a seguir para conhecer as principais técnicas de tunelamento:
&nbsp;</texto>
	</textos_tela>

	<textos_pops>
		<texto>Essa técnica permite que <I>hosts</I> IPv6/IPv4 isolados em uma rede IPv4 acessem redes IPv6.
Seu funcionamento é simples. Basta cadastrar-se em um provedor de acesso <I>Tunnel Broker</I> e realizar o <I>download</I> de um <I>software</I> ou <I>script</I> de configuração. A conexão do túnel é feita através da solicitação do serviço ao Servidor Web do provedor. É importante destacar que utilizar provedores de acesso <I>Tunnel Broker</I> distantes geograficamente do <I>host</I> de origem, pode interferir negativamente na velocidade de transmissão dos dados.
&nbsp;</texto>
		<texto><B>6to4</B>
O 6to4 é uma forma de tunelamento roteador-a-roteador, que permite a comunicação entre <I>hosts</I> IPv6 através de uma infraestrutura IPv4, fornecendo um endereço IPv6 único, formado pelo prefixo de endereço <I>global</I>&nbsp;<B>2002:wwxx:yyzz::/48</B>, onde <B>wwxx:yyzz</B> é o endereço IPv4 público do <I>host</I> convertido para hexadecimal.
&nbsp;</texto>	
		<texto><B>ISATAP</B>
Esta técnica de tunelamento, possibilita a criação de túneis que ligam <I>hosts</I> a roteadores através de uma rede IPv4. 
O endereço IPv6 atribuído aos <I>hosts</I> e roteadores é baseado em um prefixo <I>unicast</I> de 64 bits, que pode ser link-local, um prefixo 6to4, ou um prefixo <I>global</I> atribuído por um provedor, seguido por <B>::0:5EFE:w.x.y.z</B> ou <B>::200:5EFE:w.x.y.z</B>, onde o <B>w.x.y.z</B> representa o endereço IPv4 do <I>host</I> ou do roteador, e os valores <B>0:5EFE</B> e <B>200:5EFE</B> indicam se esse endereço IPv4 é privado ou público, respectivamente.
&nbsp;</texto>		
		<texto><B>Teredo</B>
O Teredo permite o trafego IPv6 através de NAT, encapsulando o pacote IPv6 em pacotes UDP. Para estabelecer este tipo de túnel, um cliente deve conectar-se a um Servidor Teredo, que define o endereço IPv6 do cliente e em qual tipo de NAT ele se encontra. 
Em seguida, o Servidor estabelecerá a conexão inicial com o <I>host</I> IPv6 de destino e este <I>host</I> manterá a conexão com a origem através de um <I>Relay</I> Teredo mais próximo dele.
&nbsp;</texto>
		<texto><B>GRE</B>
O GRE ( <I>Generic Routing Encapsulation</I> ) é um túnel manual e estático entre dois <I>hosts</I>, que foi originalmente desenvolvido com a finalidade de encapsular vários tipos diferentes de protocolos. Este tipo de encapsulamento é suportado na maioria do sistemas operacionais e roteadores e consiste em um link ponto a ponto.
O funcionamento deste tipo de túnel consiste em pegar os pacotes originas, adicionar o cabeçalho GRE, e enviar ao IP de destino (o endereço do destino é especificado no cabeçalho GRE), quando o pacote encapsulado chega na outra ponta do túnel, é removido dele o cabeçalho GRE, sobrando apenas o pacote original, o qual é encaminhado normalmente ao destinatário.
&nbsp;</texto>
	</textos_pops>

	<imagens_tela>
		<!-- <imagem img="media/bts_9_1_13.swf" /> -->
	</imagens_tela>
	
	<sons_tela>
		<som som="mp3/9_1_13_1.mp3" />
		<som som="mp3/9_1_13_2.mp3" />
	</sons_tela>
</tela>