<?xml version="1.0" encoding="utf-8"?>
<tela>
	<textos_tela>
		<texto>Agora, para uma melhor compreensão da estrutura de um pacote IPv6, vamos analisar a figura ao lado:
&nbsp;</texto>
		<texto>A imagem nos permite observar o posicionamento de cada cabeçalho e a ordem em que eles são dispostos.
&nbsp;</texto>
		<texto></texto>	
	</textos_tela>
	<textos_bullets>
		<texto>fomentar o desenvolvimento da Internet no Brasil;
&nbsp;</texto>
		<texto>recomendar padrões e procedimentos relacionados à Internet;
&nbsp;</texto>
		<texto>coletar, organizar e disseminar informações relacionadas a Internet como, por exemplo, indicadores e estatísticas;
&nbsp;</texto>
		<texto>gerenciar os domínios .br a atribuição de números IP no país.
&nbsp;</texto>
	</textos_bullets>
	
	<imagens_tela>
		<imagem img="media/tabela_cabecalho.swf" />
	</imagens_tela>

	<sons_tela>
		<som som="mp3/4_1_11_1.mp3" />
		<som som="mp3/4_1_11_2.mp3" />
	</sons_tela>
</tela>