<?xml version="1.0" encoding="utf-8"?>
<tela>
	<textos_tela>
		<texto>O BGP é o protocolo de roteamento externo mais utilizado.
&nbsp;</texto>
		<texto>Como não há uma versão de BGP específica para o IPv6, a nova versão do <I>Protocolo Internet</I> utiliza as extensões multiprotocolo do BGP ou <I>Multiprotocol Border Gateway Protocol</I> (MBGP).
&nbsp;</texto>
	</textos_tela>
	<textos_box>
		<texto>Essas extensões suportam as mesmas funcionalidades que o BGP para IPv4.
&nbsp;</texto>
		<texto>E trabalham com as duas famílias de endereços, IPv4 e IPv6.
&nbsp;</texto>
	</textos_box>
	<imagens_tela>
		<imagem img="media/fluxo_AS.swf" />
	</imagens_tela>
	
	<sons_tela>
		<som som="mp3/8_1_8_1.mp3" />
		<som som="mp3/8_1_8_2.mp3" />
		<som som="mp3/8_1_8_3.mp3" />
		<som som="mp3/8_1_8_4.mp3" />
	</sons_tela>

</tela>