<?xml version="1.0" encoding="utf-8"?>
<tela>
	<textos_tela>
		<texto>Outro protocolo de roteamento interno, o IS-IS não teve uma nova versão desenvolvida para trabalhar com o IPv6. Apenas adicionaram-se novas funcionalidades à versão já existente, para que pudesse tratar as mudanças no formato do endereçamento IPv6.
&nbsp;</texto>
	</textos_tela>
	<textos_bullets>
		<texto>Foram adicionados dois novos TLV (<I>Tag/Length/Values</I>) para IPv6:
&nbsp;</texto>
		<texto>IPv6 <I>Reachability</I>
&nbsp;</texto>
		<texto>IPv6 <I>Interface Address</I>
&nbsp;</texto>
		<texto>E um novo identificador da camada de rede:
&nbsp;</texto>
		<texto>IPv6 NLPID
&nbsp;</texto>
	</textos_bullets>
	
	<sons_tela>
		<som som="mp3/8_1_7_1.mp3" />
		<som som="mp3/8_1_7_2.mp3" />
		<som som="mp3/8_1_7_3.mp3" />
	</sons_tela>

</tela>