<?xml version="1.0" encoding="utf-8"?>
<tela>
	<textos_tela>
		<texto>O QoS é garantido na rede, através dos componentes e equipamentos utilizados no tráfego dos dados.
&nbsp;</texto>
		<texto>O IPv6 busca solucionar esta questão através da implementação de especificações que priorizam o fluxo de determinados pacotes.
&nbsp;</texto>
		<texto>Para isso, foram designados dois campos do cabeçalho IPv6: o Classe de Tráfego e o Indicador de Fluxo.
&nbsp;</texto>
	</textos_tela>

	<sons_tela>
		<som som="mp3/6_2_13_1.mp3" />
		<som som="mp3/6_2_13_2.mp3" />
		<som som="mp3/6_2_13_3.mp3" />
	</sons_tela>

</tela>