<?xml version="1.0" encoding="utf-8"?>
<tela>
	<textos_tela>
		<texto>A criação de uma cadeia de certificados;</texto>
		<texto>A utilização de endereços gerados criptograficamente, assegurando que o transmissor de uma mensagem <I>Neighbor Advertisement</I> ou <I>Router Advertisement</I> seja o dono do endereço informado;
&nbsp;</texto>
		<texto>Criar uma nova opção <I>Neighbor Discovery</I>, chamada <I>Signature</I>, para proteger todas as mensagens relativas ao <I>Neighbor Discovery</I> e ao <I>Router Discovery</I>;
&nbsp;</texto>
		<texto>Prevenir ataques de reenvio de mensagens por meio de duas novas opções no <I>Neighbor Discovery</I>: <I>Timestamp</I> para endereços <I>multicast</I>; e <I>Nonce</I> para endereços <I>unicast</I>.
&nbsp;</texto>
	</textos_tela>	

	<sons_tela>
		<som som="mp3/7_1_11_1.mp3" />
		<som som="mp3/7_1_11_2.mp3" />
		<som som="mp3/7_1_11_3.mp3" />
		<som som="mp3/7_1_11_4.mp3" />		
	</sons_tela>
	
</tela>