<?xml version="1.0" encoding="utf-8"?>
<tela>
	<textos_tela>
		<texto><B>Neste módulo aprendemos que:</B>
&nbsp;</texto>
		<texto>O roteamento de um pacote de dados, consiste em encaminha-lo através de diversos roteadores até alcançar seu destino final;
&nbsp;</texto>		
		<texto>Os roteadores utilizam a tabela de roteamento para calcular o melhor caminho para se chegar ao destino do pacote;
&nbsp;</texto>
		<texto>Para sincronizar e gerenciar as tabelas de roteamento são utilizados os protocolos de roteamento;
&nbsp;</texto>
		<texto>Existem dois tipos de protocolos de roteamento: interno (IGP), que distribuem as informações dos roteadores dentro de Sistemas Autônomos; e o externo (EGP), que distribuem as informações entre Sistemas Autônomos distintos;
&nbsp;</texto>
		<texto>Foram desenvolvidas novas versões dos protocolos de roteamento interno RIP e OSPF, capazes de suportar as mudanças no formato e no tamanho do espaço para endereçamento do IPv6;
&nbsp;</texto>
		<texto>Assim como no protocolo de roteamento interno IS-IS, não foi desenvolvida uma nova versão do protocolo de roteamento externo BGP para tratar as mudanças do IPv6. Apenas adicionou-se novas funcionalidades à versão já existente;
&nbsp;</texto>
		<texto>Existem protocolos que auxiliam no gerenciamento de redes de computadores que permitem detectar e solucionar problemas, controlar equipamentos, além de outras inúmeras atividades que podem melhorar o desempenho desta rede;
&nbsp;</texto>
		<texto>A troca de informações entre o gerente e o agente SNMP pode ser feita tanto em conexões IPv4 quanto conexões IPv6, mesmo que essas informações sejam sobre IPv6;
&nbsp;</texto>
		<texto>É necessário que as MIBs sejam capazes de recolher informação sobre a rede IPv6 e que já existe uma MIB unificada capaz de tratar tanto dados sobre IPv4 quanto sobre IPv6;
&nbsp;</texto>
		<texto>Os protocolos NetFlow 9 e IPFIX, utilizados para a transmissão de informações sobre um fluxo IP de uma rede, também já estão preparados para coletar dados sobre o tráfego IPv6;
&nbsp;</texto>
		<texto>Os principais protocolos utilizados acesso remoto de dispositivos e transferência de arquivos, já apresentam suporte ao IPv6;
&nbsp;</texto>
		<texto>Que já existem servidores NTP públicos, utilizados na sincronização dos relógios dos computadores, que trabalham com conexão IPv6.
&nbsp;</texto>
	</textos_tela>
</tela>