<?xml version="1.0" encoding="utf-8"?>
<tela>
	<textos_tela>
		<texto><B>Parte 1:</B>
&nbsp;</texto>
	</textos_tela>
	
	<textos_bullets>
		<texto>O funcionamento da Internet e o IP
&nbsp;</texto>
		<texto>Vamos começar procurando entender, de um ponto de vista tecnológico, o que é a Internet, o que são protocolos, e o que é o IP.
&nbsp;</texto>
		<texto>Você sabe como funciona a Internet?
&nbsp;</texto>	
	</textos_bullets>
	
	<imagens_tela>
		<imagem img="media/menu_objetivos.swf" />
	</imagens_tela>
	
	<sons_tela>
		<som som="mp3/no_sound.mp3" />
		<som som="mp3/no_sound.mp3" />
		<som som="mp3/2_1_2_1.mp3" />
		<som som="mp3/2_1_2_2.mp3" />
	</sons_tela>
	
</tela>