<?xml version="1.0" encoding="utf-8"?>
<tela>
	<textos_tela>
		<centro><B>Seja bem-vindo.</B>
&nbsp;</centro>
		<texto><B>Este módulo será dividido em 2 partes:</B>
&nbsp;</texto>
		<texto>Protocolos de Roteamento
&nbsp;</texto>
		<texto>Gerenciamento de Rede
&nbsp;</texto>
	</textos_tela>
	<textos_bullets>
		<centro><B>Ao concluir este módulo, você:</B>
&nbsp;</centro>
		<texto>compreenderá como ocorre o processo de roteamento dos pacotes IP;
&nbsp;</texto>
		<texto>conhecerá os tipos de protocolos de roteamento existentes e como eles funcionam;
&nbsp;</texto>
		<texto>conhecerá as diferenças entre os principais protocolos de roteamento utilizados com o IPv6 e com o IPv4;
&nbsp;</texto>
		<texto>conhecerá os principais protocolos utilizados no gerenciamento de redes, como funcionam e o que é necessário para utilizá-los em uma rede IPv6.
&nbsp;</texto>
	</textos_bullets>
	
	<sons_tela>
		<som som="mp3/8_1_1_1.mp3" />
		<som som="mp3/8_1_1_2.mp3" />
		<som som="mp3/8_1_1_3.mp3" />
		<som som="mp3/8_1_1_4.mp3" />
		<som som="mp3/8_1_1_5.mp3" />
		<som som="mp3/8_1_1_6.mp3" />
		<som som="mp3/8_1_1_7.mp3" />
		<som som="mp3/8_1_1_8.mp3" />
		<som som="mp3/8_1_1_9.mp3" />
	</sons_tela>

</tela>