<?xml version="1.0" encoding="utf-8"?>
<tela>
	<textos_tela>
		<texto>O próximo gráfico nos mostra a quantidade de blocos IP solicitados anualmente pelos RIRs. Nele, é possível notar um aumento progressivo na taxa de solicitação de endereços. Isso significa que a Internet cresce mais rápido a cada ano.
&nbsp;</texto>
		<texto>Neste gráfico é possível observar a evolução do estoque de blocos IP na IANA
&nbsp;</texto>
		<texto>Cada bloco corresponde aproximadamente a 16,7 milhões de endereços.
&nbsp;</texto>	
	</textos_tela>
	
	<textos_bullets>
		<!--<texto>fomentar o desenvolvimento da Internet no Brasil;</texto>
		<texto>recomendar padrões e procedimentos relacionados à Internet;</texto>
		<texto>coletar, organizar e disseminar informações relacionadas a Internet como, por exemplo, indicadores e estatísticas;</texto>
		<texto>gerenciar os domínios .br a atribuição de números IP no país.</texto>-->
	</textos_bullets>
	
	<imagens_tela>
		<imagem img="media/grafico2.swf" />
	</imagens_tela>
	
	<sons_tela>
		<som som="mp3/2_1_20.mp3" />
	</sons_tela>
	
</tela>