<?xml version="1.0" encoding="utf-8"?>
<tela>

	<textos_tela>
		<texto>A utilização de DHCPv6 provê algumas vantagens em relação a autoconfiguração <I>stateless</I>.
&nbsp;</texto>
		<texto>No entanto, é possível utilizar os dois mecanismos simultaneamente.
Por exemplo, utilizando a autoconfiguração <I>stateless</I> para atribuir os endereços e DHCPv6 para informar o endereço do servidor DNS.
&nbsp;</texto>
		<texto>O IPv6</texto>
	</textos_tela>
	
	<textos_bullets>
		<texto>Fornece opções de configurações de rede como:
&nbsp;</texto>
		<texto>Endereços de servidores DNS, NTP, etc.
&nbsp;</texto>
		<texto>Permite a definição de políticas de controle de acesso:
&nbsp;</texto>
		<texto>A autoconfiguração <I>stateless</I> permite que todos os <I>hosts</I> que se liguem a rede obtenham endereços IPv6, com o DHCPv6 é possível analisar a política de acesso antes de atribuir um endereço ao <I>host</I>.
&nbsp;</texto>
	</textos_bullets>
	
	<sons_tela>
		<som som="mp3/6_1_25_1.mp3" />
		<som som="mp3/no_sound.mp3" />
		<som som="mp3/6_1_25_3.mp3" />
		<som som="mp3/6_1_25_4.mp3" />
		<som som="mp3/no_sound.mp3" />
		<som som="mp3/6_1_25_5.mp3" />
	</sons_tela>
		
</tela>