<?xml version="1.0" encoding="utf-8"?>
<tela>
	<textos_tela>
		<texto>Outras funções básicas de gestão de rede, como o gerenciamento das configurações dos equipamentos, também são possíveis em redes IPv6.
&nbsp;</texto>
		<texto>Os principais protocolos utilizados para essa função, seja através da execução remota de comandos ou de transferência de arquivos, já apresentam suporte ao novo protocolo IP:
&nbsp;</texto>
	</textos_tela>
	<textos_bullets>
		<texto>SSH‏
&nbsp;</texto>
		<texto>TELNET
&nbsp;</texto>
		<texto>SCP
&nbsp;</texto>
		<texto>FTP
&nbsp;</texto>
		<texto>TFTP
&nbsp;</texto>
	</textos_bullets>
	
	<sons_tela>
		<som som="mp3/8_1_15_1.mp3" />
		<som som="mp3/8_1_15_2.mp3" />
		<som som="mp3/8_1_15_3.mp3" />
		<som som="mp3/8_1_15_4.mp3" />
		<som som="mp3/8_1_15_5.mp3" />
		<som som="mp3/8_1_15_6.mp3" />
		<som som="mp3/8_1_15_7.mp3" />
	</sons_tela>

</tela>