<?xml version="1.0" encoding="utf-8"?>
<tela>
	<textos_tela>
		<texto>O IPSec pode operar em dois modos:</texto>
		<texto><B>Modo de Transporte</B> – protege apenas os protocolos das camadas superiores, pois o cabeçalho de segurança aparece imediatamente após o cabeçalho IP e antes dos cabeçalhos dos protocolos das camadas superiores;
&nbsp;</texto>
		<texto><B>No entanto, as questões de segurança no IPv6 não se resumem apenas a utilização do IPSec.
&nbsp;</B></texto>
		<texto><B>Modo Túnel</B> – protege todo o pacote IP, encapsulando-o dentro de outro pacote IP, deixando visível apenas o cabeçalho IP externo.
&nbsp;</texto>
	</textos_tela>	
	
	<imagens_tela>
		<imagem img="media/fluxograma_3.swf" />		
	</imagens_tela>
	
	<sons_tela>
		<som som="mp3/7_1_7_1.mp3" />
		<som som="mp3/7_1_7_2.mp3" />
		<som som="mp3/7_1_7_3.mp3" />
		<som som="mp3/7_1_7_4.mp3" />		
	</sons_tela>
</tela>