<?xml version="1.0" encoding="utf-8"?>
<tela>

	<textos_tela>
		<texto>No IPv6, o processo de fragmentação dos pacotes se inicia utilizando o protocolo <I>Path MTU Discovery</I>, que descobre de forma dinâmica qual o tamanho máximo permitido ao pacote, identificando previamente os MTUs de cada enlace no caminho até o destino.
&nbsp;</texto>
		<texto>
</texto>
		<texto>
</texto>	
	</textos_tela>
	
	<textos_bullets>
		<texto></texto>
	</textos_bullets>
	
	<imagens_tela>
		<imagem img="media/menu_objetivos.swf" />
	</imagens_tela>
	
	<sons_tela>
		<som som="mp3/6_2_3.mp3" />
	</sons_tela>
	
</tela>