<?xml version="1.0" encoding="utf-8"?>
<tela>
	<textos_tela>
		<texto><B>Parte 7:</B>
&nbsp;</texto>
		<texto>É muito importante garantir a qualidade do transporte do tráfego de determinados tipos de aplicações.
&nbsp;</texto>
		<texto>Para isso, é aplicado a Internet o conceito de QoS (<I>Quality of Service</I>), ou em português, Qualidade de Serviço.
&nbsp;</texto>
	</textos_tela>
	<textos_bullets>
		<texto>QoS
&nbsp;</texto>
		<texto>A princípio, o protocolo IP trata todos os pacotes da mesma forma, sem nenhuma preferência no momento de encaminhá-los. No entanto, algumas aplicações necessitam que seus pacotes sejam transportados com a garantia de que haja o mínimo de atraso, latência ou perda de pacotes.
&nbsp;</texto>
		<texto>No desenvolvimento do IPv6 foram adicionados mecanismos que buscam tratar essa questão da garantia da Qualidade de Serviço, e são esses mecanismos que iremos estudar a seguir.
&nbsp;</texto>
	</textos_bullets>
	<textos_bullets>
		<texto>Por exemplo:
&nbsp;</texto>
		<texto>VoIP (<I>Voice over IP</I>)‏;
&nbsp;</texto>
		<texto>Distribuição de vídeos de alta qualidade;
&nbsp;</texto>
		<texto>Jogos online;
&nbsp;</texto>
		<texto>Entre outros.
&nbsp;</texto>
	</textos_bullets>

	<sons_tela>
		<som som="mp3/no_sound.mp3" />
		<som som="mp3/no_sound.mp3" />
		<som som="mp3/6_2_11_3.mp3" />
		<som som="mp3/6_2_11_4.mp3" />
		<som som="mp3/6_2_11_5.mp3" />
		<som som="mp3/6_2_11_6.mp3" />
		<som som="mp3/6_2_11_7.mp3" />
		<som som="mp3/6_2_11_8.mp3" />
		<som som="mp3/6_2_11_9.mp3" />
		<som som="mp3/6_2_11_10.mp3" />
		<som som="mp3/6_2_11_11.mp3" />
	</sons_tela>

</tela>