<?xml version="1.0" encoding="utf-8"?>
<tela>

	<textos_tela>
		<texto>Com isso, toda necessidade atual e futura da Internet será suprida.
&nbsp;</texto>
		<texto>O espaço total para endereçamento do IPv6 é capaz de fornecer 340.282.366.920.938.463.463.374.607.431.768.211.456 de endereços (2128).
&nbsp;</texto>
		<texto>Isso representa 79 trilhões de trilhões de vezes a quantidade de endereços disponíveis no IPv4, ou aproximadamente 5,6 x 1028 endereços por ser humano.
&nbsp;</texto>	
		<texto><font color="#8E2A17">O IPv6, diferentemente do IPv4, reserva metade dos bits para endereçamento local. Assim, são possíveis 18.446.744.073.709.551.616 (264) redesIPv6 na Internet. Cada uma com a mesma quantidade de dispositivos.</font>
&nbsp;</texto>
	</textos_tela>
	
	<textos_bullets>
		<texto>fomentar o desenvolvimento da Internet no Brasil;
&nbsp;</texto>
		<texto>recomendar padrões e procedimentos relacionados à Internet;
&nbsp;</texto>
		<texto>coletar, organizar e disseminar informações relacionadas a Internet como, por exemplo, indicadores e estatísticas;
&nbsp;</texto>
		<texto>gerenciar os domínios .br a atribuição de números IP no país.
&nbsp;</texto>
	</textos_bullets>
	
	<imagens_tela>
		<imagem img="media/pc.swf" />
	</imagens_tela>
	
	<sons_tela>
		<som som="mp3/2_1_26_1.mp3" />
		<som som="mp3/no_sound.mp3" />
		<som som="mp3/2_1_26_2.mp3" />
		<som som="mp3/2_1_26_3.mp3" />
		<som som="mp3/no_sound.mp3" />
	</sons_tela>
	
</tela>