<?xml version="1.0" encoding="utf-8"?>
<tela>
	<textos_tela>
		<texto>Motivadas pelo esgotamento dos endereços IPv4 disponíveis, podemos destacar entre essas principais alterações:
		&nbsp;</texto>
		<texto>O aumento no espaço para endereçamento no cabeçalho IPv6;
&nbsp;</texto>
		<texto>A sintaxe utilizada para representar os endereços.
&nbsp;</texto>	
	</textos_tela>

	<sons_tela>
		<som som="mp3/5_1_5_1.mp3" />
		<som som="mp3/5_1_5_2.mp3" />
		<som som="mp3/5_1_5_3.mp3" />
	</sons_tela>
</tela>