<?xml version="1.0" encoding="utf-8"?>
<tela>
	<textos_tela>
		<texto><font size="30" color="#000000"><B>NAT</B></font></texto>
		<texto>Essa tecnologia permite que, com um único endereço válido na Internet, toda uma rede de computadores, usando endereços privados, seja parcialmente conectada.
&nbsp;</texto>
		<texto>Contudo, os módulos:
&nbsp;</texto>
		<texto>são também adequados a um público mais diverso, sem conhecimentos técnicos, como usuários Internet, gestores e interessados em geral. Eles foram escritos numa linguagem simplificada, evitando termos técnicos, ou explicando-os, quando preciso.
&nbsp;</texto>
		<texto>Os demais módulos requerem o conhecimento técnico dos conceitos básicos de Internet e redes.
&nbsp;</texto>	
	</textos_tela>
	<textos_bullets>
		<texto>Essa técnica, embora muito utilizada, traz uma série de problemas:
&nbsp;</texto>
		<texto>Sua utilização quebra o modelo fim a fim da Internet, ou seja, os computadores na Internet não conseguem iniciar uma comunicação com os que estão na rede privada. Isso dificulta o funcionamento de uma série de aplicações, como P2P, videoconferência, VoIP e VPNs
&nbsp;</texto>	
		<texto>Não possui boa escalabilidade, pois o gerenciamento da tabela de conexões NAT exige um grande poder de  processamento. Isso quer dizer que em grandes redes é difícil conseguir equipamentos capazes de realizar o NAT.
&nbsp;</texto>
		<texto>Funciona como um statefull firewall, dando uma falsa sensação de segurança. Muitos administradores de rede acabam por não dar um tratamento devido às questões de segurança, por conta disso.
&nbsp;</texto>
		<texto>Impossibilita  a utilização de algumas técnicas de segurança como IPSec.
&nbsp;</texto>	
	</textos_bullets>
	
	<imagens_tela>
		<imagem img="media/menu_cidr_alvo.swf" />
	</imagens_tela>
</tela>