<?xml version="1.0" encoding="utf-8"?>
<tela>
	<textos_tela>
		<texto>Entretanto, outros métodos podem ser usados para encontrar potenciais vítimas para ataques:
		&nbsp;</texto>
		<texto></texto>
		<texto></texto>	
	</textos_tela>
	<textos_bullets>
		<texto>Endereços de servidores públicos, divulgados no DNS;</texto>
		<texto>Procura por endereços fáceis de memorizar como ::10, ::20, ::DAD0, ::CAFE ou o último byte do endereço IPv4, que são bastante utilizados.
&nbsp;</texto>
		<texto>Tentativa de varrer endereços atribuídos automaticamente com base no MAC, fixando a parte do número correspondente ao fabricante da placa de rede, e variando apenas o restante dos números.
&nbsp;</texto>
	</textos_bullets>
	
	<imagens_tela>
		<imagem img="media/logo.swf" />
	</imagens_tela>
	
	<sons_tela>
		<som som="mp3/7_1_13_1.mp3" />
		<som som="mp3/7_1_13_2.mp3" />
		<som som="mp3/7_1_13_3.mp3" />
		<som som="mp3/7_1_13_4.mp3" />		
	</sons_tela>
</tela>