<?xml version="1.0" encoding="utf-8"?>
<tela>
	<textos_tela>
		<texto>Para entender o que é Internet, primeiro, precisamos saber o que são as <B>redes</B> de computadores.
&nbsp;</texto>
		<texto>Uma rede é formada por dois ou mais <B>computadores interligados</B> por algum meio físico e que <B>são capazes de se comunicar</B>, utilizando um <B>conjunto de regras e códigos em comum</B>.
&nbsp;</texto>
		<texto>Esse <B>conjunto de regras</B> é o equivalente, para os computadores, à <B>Linguagem</B> dos seres humanos e é chamado de <B>Protocolo</B>.
&nbsp;</texto>	
	</textos_tela>	
	
	<imagens_tela>
		<imagem img="media/computadores.swf" />
		<imagem img="media/balao_amarelo.swf" />
		<imagem img="media/balao_amarelo.swf" />
		<imagem img="media/balao_amarelo.swf" />
	</imagens_tela>
	
	<sons_tela>
		<som som="mp3/2_1_3_1.mp3" />
		<som som="mp3/2_1_3_2.mp3" />
		<som som="mp3/2_1_3_3.mp3" />
	</sons_tela>
	
</tela>