<?xml version="1.0" encoding="utf-8"?>
<tela>
	<textos_tela>
		<texto>No âmbito acadêmico existem diversos grupos de pesquisa pelo mundo, que trabalham no desenvolvimento de projetos relacionados ao protocolo IPv6, destacando-se os projetos:
&nbsp;</texto>
		<texto>No Brasil, A RNP (Rede Nacional de Pesquisa) tem se destacado desde o projeto Br6Bone. Atualmente, toda a rede RNP está apta a operar com o protocolo IPv6 em modo nativo, além de poder fornecer conexão IPv6 a instituições localizadas nos estados servidos por sua rede.
A RNP também possui conexão IPv6 nativa com outras redes acadêmicas e comerciais.
&nbsp;</texto>
	</textos_tela>
	
	<textos_bullets>
		<texto>Rede CLARA (Cooperação Latino-Americana de Redes Avançadas)‏
&nbsp;</texto>
		<texto>GÉANT2
&nbsp;</texto>
		<texto>Internet2
&nbsp;</texto>
		<texto>KAME
&nbsp;</texto>
		<texto>USAGI (<I>Universal playground for</I> IPv6)‏
&nbsp;</texto>
	</textos_bullets>
	
	<imagens_tela>
		<imagem img="media/caixas.swf" />
	</imagens_tela>
	
	<sons_tela>
		<som som="mp3/3_1_11_1.mp3" />
		<som som="mp3/3_1_11_2.mp3" />
		<som som="mp3/3_1_11_3.mp3" />
		<som som="mp3/3_1_11_4.mp3" />
		<som som="mp3/3_1_11_5.mp3" />
		<som som="mp3/3_1_11_6.mp3" />
		<som som="mp3/3_1_11_7.mp3" />
	</sons_tela>
</tela>