<?xml version="1.0" encoding="utf-8"?>
<tela>

	<textos_tela>
		<texto><B>Parte 4:</B>
&nbsp;</texto>
		<texto>Utilizado quando não há roteadores em uma rede, ou quando as mensagens <I>Router Advertisement</I> apresentam <I>flags</I> que habilitam seu uso, a autoconfiguração de endereços <I>stateful</I> baseia-se no uso de protocolos, como o DHCPv6, a fim de obter endereços e outras opções de configuração.
&nbsp;</texto>
		<texto>O DHCPv6 possibilita a distribuição dinâmica de endereços IP em uma rede, a partir de um servidor DHCP, fornecendo um controle maior na atribuição de endereços ao <I>host</I>.
&nbsp;</texto>
	</textos_tela>
	
	<textos_bullets>
		<texto>Autoconfiguração <I>Stateful</I>
&nbsp;</texto>
		<texto>A autoconfiguração <I>stateful</I> é uma técnica alternativa a <I>stateless</I>, onde é necessário a utilização de servidores que informem aos <I>hosts</I>, os dados a serem utilizados na obtenção dos endereços, além de outras configurações da rede.
&nbsp;</texto>
		<texto>Vamos entender melhor o seu funcionamento.
&nbsp;</texto>
	</textos_bullets>
	
	<imagens_tela>
		<imagem img="media/rede_servidor_ip.swf" />
	</imagens_tela>
	
	<sons_tela>
		<som som="mp3/no_sound.mp3" />
		<som som="mp3/no_sound.mp3" />
		<som som="mp3/6_1_23_3.mp3" />
		<som som="mp3/6_1_23_4.mp3" />
		<som som="mp3/6_1_23_5.mp3" />
		<som som="mp3/6_1_23_6.mp3" />
	</sons_tela>
	
</tela>