<?xml version="1.0" encoding="utf-8"?>
<tela>
	<textos_tela>
		<texto><B><font size="25">RFC 1918</font></B></texto>
		<texto>O curso está organizado em 10 módulos:</texto>
		<texto> A RFC 1918 especificou três faixas de endereços privados, não válidos na Internet, para uso em redes corporativas.</texto>
		<texto> A RFC 1918 especificou três faixas de endereços privados, não válidos na Internet, para uso em redes corporativas.</texto>
		<texto>Módulos avançados</texto>
	</textos_tela>
	<textos_bullets>
		<texto>terá entendido por que é preciso implantar o IPv6 na Internet e nas redes;</texto>
		<texto>compreenderá as principais características do novo protocolo e suas diferenças em relação à versão anterior, o IPv4;</texto>
		<texto>saberá como se dará a transição para o IPv6 e</texto>
		<texto>será capaz de aprofundar seu conhecimento através de livros, cursos, sítios Web e por meio de experimentos práticos.</texto>
	</textos_bullets>
	
	<imagens_tela>
		<imagem img="media/menu_cidr_alvo.swf" />
	</imagens_tela>
</tela>