<?xml version="1.0" encoding="utf-8"?>
<tela>
	<textos_tela>
		<texto><B>Questões relacionadas a segurança também foram revistas.</B>
&nbsp;</texto>
		<texto>O suporte ao protocolo IPSec passa a ser obrigatório, fazendo parte do próprio protocolo IPv6.
&nbsp;</texto>
		<texto>Isso permite aos administradores de rede ativar o IPSec em todos os dispositivos da rede tornando-a mais segura.
<B>O IPSec é capaz de garantir:</B>
&nbsp;</texto>
		<texto>são também adequados a um público mais diverso, sem conhecimentos técnicos, como usuários Internet, gestores e interessados em geral. Eles foram escritos numa linguagem simplificada, evitando termos técnicos, ou explicando-os, quando preciso.
&nbsp;</texto>
		<texto>Os demais módulos requerem o conhecimento técnico dos conceitos básicos de Internet e redes.
&nbsp;</texto>	
	</textos_tela>
	
	<textos_bullets>
		<texto>autenticidade;
&nbsp;</texto>
		<texto>privacidade;
&nbsp;</texto>	
		<texto>integridade dos dados na comunicação.
&nbsp;</texto>		
	</textos_bullets>
	
	<imagens_tela>
		<imagem img="media/ipseg.swf" />
	</imagens_tela>
	
	<sons_tela>
		<som som="mp3/2_1_29_1.mp3" />
		<som som="mp3/2_1_29_2.mp3" />
		<som som="mp3/2_1_29_3.mp3" />
		<som som="mp3/2_1_29_4.mp3" />
		<som som="mp3/2_1_29_5.mp3" />
		<som som="mp3/2_1_29_6.mp3" />
	</sons_tela>
	
</tela>