<?xml version="1.0" encoding="utf-8"?>
<tela>
	<textos_tela>
		<texto><B>Neste módulo aprendemos que:</B></texto>
		<texto>O projeto original do IPv4 não apresentava muita preocupação com problemas de segurança. No entanto, com o crescimento da Internet surgiram diversas ameaças a segurança ao tráfego de dados, tornando necessário acrescentar novos mecanismos ao protocolo original, que garantissem a confiabilidade da rede;
&nbsp;</texto>
		<texto>Entre esses novos mecanismos, destaca-se o IPSec, que implementa criptografia e autenticação de pacotes na camada de rede. Porém, a grande utilização de NAT limita seu funcionamento em redes IPv4;
&nbsp;</texto>
		<texto>Com a implantação do IPv6 o uso do IPSec torna-se mais fácil, visto que não há mais a necessidade de seu utilizar NAT, os mecanismos de autenticação e encapsulamento do IPSec fazem parte do protocolo e seu suporte passa a ser obrigatório em todos os nós;
&nbsp;</texto>
		<texto>O IPSec utiliza dois Cabeçalhos de Extensão do IPv6: o AH e o ESP, além de gerar e gerenciar chaves de segurança a partir do protocolo IKE;
&nbsp;</texto>
		<texto>Apesar de eficiente, o IPSec não é capaz de evitar todas as ameças de segurança existentes;</texto>
		<texto>Para garantir a proteção das mensagens ICMPv6 utilizadas pelo protocolo de Descoberta de Vizinhança, foi especificado o protocolo de segurança SEND;
&nbsp;</texto>
		<texto>A nova estrutura dos endereços IPv6 auxilia a evitar ataques por varredura de endereços;</texto>
		<texto>É importante ter uma atenção especial com as técnicas de transição entre IPv4 e IPv6, pois estas podem se apresentar como portas de entrada para novos tipos de ataques;
&nbsp;</texto>
		<texto>As técnicas de proteção contra vírus, cavalos de tróia e <I>worms</I> continuam similares às usadas no IPv4;
&nbsp;</texto>
		<texto>Práticas simples podem evitar muitos incidentes de segurança.</texto>
	</textos_tela>
</tela>