<?xml version="1.0" encoding="utf-8"?>
<tela>
	<textos_tela>
		<texto>Antes de discutirmos melhor as características de cada funcionalidade do protocolo de Descoberta de Vizinhança, vamos primeiro conhecer as cinco mensagens ICMPv6 utilizadas por elas:
&nbsp;</texto>
	</textos_tela>
	<textos_bullets>
		<texto><I>Router Solicitation</I> (ICMPv6 tipo 133): utilizada por <I>hosts</I> para requisitar aos roteadores mensagens <I>Router Advertisements</I> imediatamente;
&nbsp;</texto>
		<texto><I>Router Advertisement</I> (ICMPv6 tipo 134): enviadas periodicamente, ou em resposta a uma <I>Router Solicitation</I>, são utilizadas pelos roteadores para anunciar sua presença em um enlace e na Internet;
&nbsp;</texto>
		<texto><I>Neighbor Solicitation</I> (ICMPv6 tipo 135): mensagem <I>multicast</I> enviada por um nó para determinar o endereço MAC e a acessibilidade de um vizinho, além de detectar a existência de endereços duplicados;
&nbsp;</texto>
		<texto><I>Neighbor Advertisement</I> (ICMPv6 tipo 136): enviada como resposta a uma <I>Neighbor Solicitation</I>, pode também ser enviada para anunciar a mudança de algum endereço MAC dentro do enlace; 
&nbsp;</texto>
        <texto><I>Redirect</I> (ICMPv6 tipo 137): utilizada por roteadores para informar ao <I>host</I> um roteador mais indicado para se alcançar um destino.
&nbsp;</texto>
	</textos_bullets>
	
	<sons_tela>
		<som som="mp3/6_1_8_1.mp3" />
		<som som="mp3/6_1_8_2.mp3" />
		<som som="mp3/6_1_8_3.mp3" />
		<som som="mp3/6_1_8_4.mp3" />
		<som som="mp3/6_1_8_5.mp3" />
		<som som="mp3/6_1_8_6.mp3" />
	</sons_tela>

</tela>