<?xml version="1.0" encoding="utf-8"?>
<tela>
	<textos_tela>
		<centro><B>Informações sobre o IPv6 em inglês</B>
&nbsp;</centro>
		<texto></texto>
		<texto></texto>
		<texto></texto>
		<texto></texto>
	</textos_tela>
	<textos_bullets>
		<texto></texto>
		<texto><a href="http://www.ipv6.org" target="_blank">http://www.ipv6.org</a> - Possui várias informações sobre IPv6, como por exemplo lista de alguns softwares que já estão preparados para IPv6, tutoriais de como instalar IPv6 em alguns sistemas, lista de alguns sites que já estão operando em IPv6.
&nbsp;</texto>
		<texto><a href="http://www.ipv6forum.com" target="_blank">http://www.ipv6forum.com</a> - Disponibiliza fórum, base de conhecimento e alguns estudos sobre IPv6 e a sua implementação.
&nbsp;</texto>
		<texto><a href=" http://www.6deploy.com" target="_blank">http://www.6deploy.com/</a> - Sítio web do projeto europeu 6DEPLOY, que disponibiliza diversos tutoriais e publicações a respeito do IPv6. Este projeto é sucessor de dois outros projetos já encerrados cujos sítios web também valem ser visitados:
&nbsp;</texto>
		<texto><a href="http://www.6diss.org" target="_blank">http://www.6diss.org</a>
&nbsp;</texto>
		<texto><a href="http://www.6net.org" target="_blank">http://www.6net.org</a>
&nbsp;</texto>
		<texto><a href=" http://www.potaroo.net" target="_blank">http://www.potaroo.net/</a> - Contém diversos artigos sobre IPv6, além de estatísticas e gráficos sobre a quantidade de números IPv4 utilizados, restantes e o tempo para sua exaustão.
&nbsp;</texto>
	</textos_bullets>
	
	<imagens_tela>
		<imagem img="media/menu_objetivos.swf" />
	</imagens_tela>
</tela>