<?xml version="1.0" encoding="utf-8"?>
<tela>

	<textos_tela>
		<texto>Na transmissão de um pacote IP, este pode passar através de vários enlaces até chegar ao destino. Possivelmente, cada um desses enlaces possuirá uma limitação distinta em relação ao tamanho máximo do pacote que pode trafegar através dele. Chamada de MTU <I>(Maximum Transmit Unit)</I>, esta limitação é definida de acordo com o protocolo de enlace utilizado.
Com o IPv4, cada roteador pode fragmentar os pacotes durante o percurso, caso estes sejam maiores do que o MTU do próximo enlace. Dependendo do desenho da rede, um pacote IPv4 pode ser fragmentado mais de uma vez durante seu trajeto, sendo reagrupado no destino final.
&nbsp;</texto>
	</textos_tela>
	
	<textos_bullets>
		<texto></texto>
		<texto></texto>		
	</textos_bullets>
	
	<imagens_tela>
		<imagem img="media/dados_frag_roteador.swf" />
	</imagens_tela>
	
	<sons_tela>
		<som som="mp3/6_2_2.mp3" />
	</sons_tela>
		
</tela>