<?xml version="1.0" encoding="utf-8"?>
<tela>

	<textos_box>
		<texto>O <I>Path MTU Discovery</I> assume que o MTU de todo o caminho é igual ao MTU do primeiro salto. Se o tamanho de qualquer um dos pacotes enviados for maior do que o suportado por algum roteador ao longo do caminho, este irá descartá-lo e retornar uma mensagem ICMPv6 <I>packet too big</I>. Após o recebimento dessa mensagem, o nó de origem reduzirá o tamanho dos pacotes de acordo com o MTU do caminho indicado na mensagem <I>packet too big</I>.
&nbsp;
&nbsp;</texto>
		<texto>Esse procedimento termina quando o tamanho do pacote for igual ou inferior ao menor MTU do caminho, sendo que estas iterações, de troca de mensagens e redução do tamanho dos pacotes, podem ocorrer diversas vezes até se encontrar o menor MTU.
&nbsp;
&nbsp;</texto>
	</textos_box>
	
	<imagens_tela>
		<imagem img="media/dados_pmtud.swf" />
	</imagens_tela>
	
	<sons_tela>
		<som som="mp3/6_2_4_1.mp3" />
		<som som="mp3/6_2_4_2.mp3" />
	</sons_tela>
	
</tela>