<?xml version="1.0" encoding="utf-8"?>
<tela>
	<textos_tela>
		<centro><B>Seja bem-vindo.</B>
&nbsp;</centro>
		<texto><B>Este módulo será dividido em 3 partes:</B>
&nbsp;</texto>
		<texto>O funcionamento da Internet e o IP
&nbsp;</texto>
		<texto>O esgotamento dos endereços IP
&nbsp;</texto>
		<texto>O IPv6</texto>
	</textos_tela>
	<textos_bullets>
		<centro><B>Ao concluir este módulo, você:</B>
&nbsp;</centro>
		<texto>será capaz de identificar as diferenças entre os cabeçalhos IPv4 e IPv6;
&nbsp;</texto>
		<texto>compreenderá de que forma essas mudanças aprimoraram o funcionamento do protocolo;
&nbsp;</texto>
		<texto>conhecerá o novo cabeçalho IPv6 e será capaz de entender cada um de seus campos;
&nbsp;</texto>
		<texto>compreenderá o que são os cabeçalhos de extensão e entenderá porque sua utilização melhora o desempenho dos roteadores.
&nbsp;</texto>
	</textos_bullets>
	
	<imagens_tela>
		<imagem img="media/menu_objetivos.swf" />
	</imagens_tela>
	
	<sons_tela>
		<som som="mp3/4_1_1_1.mp3" />
		<som som="mp3/5_1_1_2.mp3" />
		<som som="mp3/4_1_1_3.mp3" />
		<som som="mp3/4_1_1_4.mp3" />
		<som som="mp3/4_1_1_5.mp3" />
		<som som="mp3/4_1_1_6.mp3" />
	</sons_tela>
</tela>