<?xml version="1.0" encoding="utf-8"?>
<tela>
	<textos_box>
		<texto><B>Descoberta de Endereços da Camada de Enlace</B>
&nbsp;</texto>
		<texto>Esta funcionalidade é utilizada para determinar o endereço MAC dos vizinhos do mesmo enlace, onde um <I>host</I> envia uma mensagem <I>Neighbor Solicitation</I> informando no campo de Dados seu endereço MAC e também solicitando o endereço MAC do vizinho. Ao receber a mensagem, o vizinho a responde enviando uma mensagem <I>Neighbor Advertisement</I> informando seu endereço MAC.
&nbsp;</texto>
	</textos_box>
	
	<textos_tela>
		<texto>ICMPv6 type 135 (<I>Neighbor Solicitation</I>)
&nbsp;</texto>
		<texto>Origem - A
&nbsp;</texto>
		<texto>Destino - <I>Multicast solicited-node</I>
&nbsp;</texto>
		<texto>Informação - Endereço <I>Link-layer</I> de A
&nbsp;</texto>
	</textos_tela>
	
	<textos_tela>
		<texto>ICMPv6 type 136 (<I>Neighbor Advertisement</I>)
&nbsp;</texto>
		<texto>Origem - B
&nbsp;</texto>
		<texto>Destino - A
&nbsp;</texto>
		<texto>Informação - Endereço <I>Link-layer</I> de B
&nbsp;</texto>
	</textos_tela>
	
	<imagens_tela>
		<imagem img="media/dados.swf" />
	</imagens_tela>

	<sons_tela>
		<som som="mp3/6_1_11_1.mp3" />
		<som som="mp3/6_1_11_2.mp3" />
	</sons_tela>

</tela>