<?xml version="1.0" encoding="utf-8"?>
<tela>
	<textos_tela>
		<texto>É importante entender que a Internet continuaria funcionando mesmo sem novos endereços IP. No entanto, ela teria muita dificuldade para crescer.
&nbsp;</texto>
		<texto>O IPv6 é a solução definitiva para esse problema, e vamos falar sobre isso logo mais. Antes, no entanto, é necessário conhecer algumas outras idéias, e entender os problemas e riscos envolvidos:
&nbsp;</texto>
		<texto>Há quem discuta a possibilidade de intensificar o uso do NAT, como forma de garantir o crescimento da rede. Isso, em tese, é possível, mas prejudicaria o desenvolvimento de novas e diferentes aplicações para a Internet. O NAT é bastante útil mas, como vimos, traz uma série de problemas para a Internet atualmente.
&nbsp;</texto>		
		<texto>Há, também, aqueles que defendem um esforço para recuperar parte dos endereços desperdiçados no início da Internet. Isso seria muito difícil porque exigiria a renumeração (troca de endereços) de grandes redes. Além disso, apenas adiaria o problema por algum tempo.
&nbsp;</texto>
		<texto>Se uma solução definitiva não for adotada, pode ser que algumas empresas com grande número de IPs passem a vendê-los como mercadorias, aumentando o custo da Internet.
&nbsp;</texto>
	</textos_tela>	
	
	<imagens_tela>
		<imagem img="media/rede4b.swf" />		
	</imagens_tela>
	
	<sons_tela>
		<som som="mp3/2_1_22_1.mp3" />
		<som som="mp3/2_1_22_2.mp3" />
		<som som="mp3/2_1_22_3.mp3" />
		<som som="mp3/2_1_22_4.mp3" />
		<som som="mp3/2_1_22_5.mp3" />
	</sons_tela>
	
</tela>