<?xml version="1.0" encoding="utf-8"?>
<tela>
	<textos_tela>
		<texto>Entretanto, é importante que as redes estejam preparadas para o novo protocolo desde já. Quanto mais cedo a questão for entendida, e a implantação planejada, menores serão os gastos no processo. E para que essa implantação seja eficaz, é necessário que:
&nbsp;</texto>
		<texto>O IPv6</texto>
	</textos_tela>
	
	<textos_bullets>
		<texto>as empresas e demais entidades tomem consciência da necessidade de implantar o IPv6;
&nbsp;</texto>
		<texto>técnicos busquem conhecimento sobre o IPv6 e realizem experimentos com o novo protocolo;
&nbsp;</texto>
		<texto>na compra de novos equipamentos, <I>softwares</I>, ou na contratação de serviços, o suporte ao IPv6 seja exigido;
&nbsp;</texto>
		<texto>seja feito um planejamento detalhado sobre como  será feita a implantação do novo protocolo.
&nbsp;</texto>
	</textos_bullets>
	
	<imagens_tela>
		<imagem img="media/menu_objetivos.swf" />
	</imagens_tela>
	
	<sons_tela>
		<som som="mp3/no_sound.mp3" />
		<som som="mp3/3_1_5_2.mp3" />
		<som som="mp3/3_1_5_3.mp3" />	
		<som som="mp3/3_1_5_4.mp3" />
		<som som="mp3/3_1_5_5.mp3" />	
	</sons_tela>
</tela>