<?xml version="1.0" encoding="utf-8"?>
<tela>
	<textos_tela>
		<texto>As mensagens Router Advertisement também apresentam duas flags:
&nbsp;</texto>
		<texto>No entanto, é possível utilizar os dois mecanismos simultaneamente.
Por exemplo, utilizando a autoconfiguração stateless para atribuir os endereços e DHCPv6 para informar o endereço do servidor DNS.
&nbsp;</texto>
		<texto><I>stateful configuration</I> – indica se os <I>hosts</I> devem utilizar a autoconfiguração stateful para obter informações adicionais, como endereços de servidores DNS. Isto é importante, pois na autoconfiguração stateless não há como enviar aos clientes o endereço de servidores DNS.
&nbsp;</texto>
		<texto><B>
</B></texto>	
	</textos_tela>
	<textos_bullets>
		<texto>terá entendido por que é preciso implantar o IPv6 na Internet e nas redes;</texto>
		<texto>compreenderá as principais características do novo protocolo e suas diferenças em relação à versão anterior, o IPv4;</texto>
		<texto>saberá como se dará a transição para o IPv6 e</texto>
		<texto>será capaz de aprofundar seu conhecimento através de livros, cursos, sítios Web e por meio de experimentos práticos.</texto>
	</textos_bullets>
	
	<imagens_tela>
		<imagem img="media/menu_objetivos.swf" />
	</imagens_tela>
</tela>