<?xml version="1.0" encoding="utf-8"?>
<tela>
	<textos_tela>
		<texto>A implantação do IPv6 é necessária e inevitável. Embora o esgotamento dos endereços IPv4 não faça a Internet  acabar, nem mesmo que ela deixe de funcionar, prevê-se que haverá uma diminuição na taxa de crescimento da rede e que algumas novas aplicações, que poderiam ser criadas, não serão. É possível também, que as conexões Internet fiquem mais caras.
&nbsp;</texto>
		<texto>No entanto, a implantação do IPv6 não será algo rápido. Também não haverá uma "data da virada" para a troca de protocolo. A migração do IPv4 para IPv6 acontecerá de forma gradual, com o IPv4 ainda em funcionamento.
&nbsp;</texto>
	</textos_tela>
	<textos_bullets>
		<texto></texto>
		<texto></texto>		
	</textos_bullets>
	
	<imagens_tela>
		<imagem img="media/ipvs_fusao.swf" />
	</imagens_tela>
	
	<sons_tela>
		<som som="mp3/3_1_3_1.mp3" />
		<som som="mp3/3_1_3_2.mp3" />
	</sons_tela>
</tela>