<?xml version="1.0" encoding="utf-8"?>
<tela>
	<textos_tela>
		<texto><B>Neste módulo aprendemos que:</B></texto>
		<texto>A implantação do IPv6 é necessária e inevitável, e que se realizada antes do término dos endereços IPv4, diversos problemas estruturais serão evitados;
&nbsp;</texto>
		<texto>A migração do IPv4 para IPv6 acontecerá de forma gradual, com o IPv4 ainda em funcionamento, e que neste período de coexistência dos dois protocolos, a utilização de mecanismos de Transição, principalmente Pilha Dupla, será essencial para o sucesso da transição para o IPv6;
&nbsp;</texto>
		<texto>É necessário planejar a implantação do IPv6 o quanto antes, para que ela seja realizada de forma eficaz;
&nbsp;</texto>
		<texto>Provedores Internet e outras entidades que administrem AS já podem solicitar ao NIC.br blocos IPv6;
&nbsp;</texto>
		<texto>Os principais SOs lançados nos últimos anos já estão preparado para suportar o IPv6;
&nbsp;</texto>
		<texto>Os principais modelos de equipamentos de rede também estão aptos a tratar o novo protocolo;
&nbsp;</texto>
		<texto>Diversas ações de incentivo a adoção do IPv6 têm sido tomadas ao redor do mundo, por grupos de pesquisa, Governos Federais e por todos as RIRs.
&nbsp;</texto>
	</textos_tela>
</tela>