<?xml version="1.0" encoding="utf-8"?>
<tela>
	<textos_tela>
		<texto><B>Neste módulo aprendemos que:</B>
&nbsp;</texto>
		<texto>O ICMPv6, além das mesmas funções básicas do ICMP, também passa a incorporar as funções de outros protocolos, sendo essencial nos principais serviços do IPv6;
&nbsp;</texto>		
		<texto>O protocolo de Descoberta de Vizinhança torna mais dinâmico alguns processos de configuração de rede, sendo capaz de determinar o endereço MAC dos nós, encontrar roteadores vizinhos, detectar endereços duplicados, determinar a acessibilidades dos roteadores, entre outras funcionalidades;
&nbsp;</texto>
		<texto>O IPv6 apresenta um mecanismo <I>stateless</I> de configuração automática de endereços para suas interfaces, dispensando a utilização de servidores DHCP;
&nbsp;</texto>
		<texto>Também é possível utilizar um mecanismo de autoconfiguração <I>stateful</I>, que pode substituir a autoconfiguração <I>stateless</I> ou trabalhar em conjunto com ela;
&nbsp;</texto>
		<texto>Diferente do IPv4, em redes IPv6 a fragmentação dos pacotes é realizada apenas na origem, utilizando o protocolo <I>Path MTU Discovery</I> para descobrir de forma dinâmica os MTUs de cada enlace no caminho até o destino;
&nbsp;</texto>
		<texto>Para que servidores DNS possam trabalhar com consultas a endereços IPv6 foi definido um novo registro para armazenar endereços no formato IPv6, o AAAA, e um domínio para a resolução de reverso, o ip6.arpa;
&nbsp;</texto>
		<texto>O IPv6 busca solucionar a questão do QoS priorizando o fluxo de determinados pacotes, identificados por dois campos do cabeçalho base, o Identificador de Fluxo e o Classe de Tráfego;
&nbsp;</texto>
		<texto>O IPv6 já traz incorporado ao protocolo funcionalidades de suporte à mobilidade, que permitem a um dispositivo móvel se deslocar de uma rede para outra sem necessidade de alterar seu endereço IP de origem.
&nbsp;</texto>
	</textos_tela>
</tela>