<?xml version="1.0" encoding="utf-8"?>
<tela>
	<textos_tela>
		<texto><B>Parte 1:</B>
&nbsp;</texto>
		<texto>O processo de roteamento de um pacote de dados, consiste em encaminha-lo através de diversos roteadores até alcançar seu destino final.
&nbsp;</texto>
		<texto>Estes roteadores buscam em suas tabelas de roteamento o prefixo correspondente ao endereço de destino, e a partir desta informação, determinam qual o melhor caminho a percorrer.
&nbsp;</texto>
	</textos_tela>
	<textos_bullets>
		<texto>Protocolos de Roteamento
&nbsp;</texto>
		<texto>Os protocolos de roteamento são os responsáveis por manter atualizadas as informações utilizadas pelos roteadores para encontrar o melhor caminho disponível no encaminhamento de pacotes de dados até o seu destino.
&nbsp;</texto>
		<texto>Nesta parte do curso conheceremos os principais protocolos de roteamento utilizados com o IPv6 e as diferenças apresentadas em relação ao IPv4.
&nbsp;</texto>
	</textos_bullets>
	<imagens_tela>
		<imagem img="media/rede_roteadores.swf" />
	</imagens_tela>
	
	<sons_tela>
		<som som="mp3/no_sound.mp3" />
		<som som="mp3/no_sound.mp3" />
		<som som="mp3/8_1_2_3.mp3" />
		<som som="mp3/8_1_2_4.mp3" />
		<som som="mp3/8_1_2_5.mp3" />
		<som som="mp3/8_1_2_6.mp3" />
	</sons_tela>

</tela>