<?xml version="1.0" encoding="utf-8"?>
<tela>
	<textos_tela>
		<texto>Com a implantação do IPv6 o uso do IPSec torna-se mais fácil. Embora seu funcionamento seja praticamente o mesmo nas duas versões do protocolo IP, no IPv6:
&nbsp;</texto>
	</textos_tela>
	<textos_bullets>
		<texto>não há a necessidade de se utilizar NAT, permitindo que o IPSec funcione sem restrições;
&nbsp;</texto>
		<texto>os mecanismos de autenticação e encapsulamento do IPSec fazem parte do protocolo;
&nbsp;</texto>
		<texto>seu suporte é obrigatório em todos os nós, o que não ocorre no IPv4.
&nbsp;</texto>
	</textos_bullets>
	
	<imagens_tela>
		<imagem img="media/menu_objetivos.swf" />
	</imagens_tela>
	
	<sons_tela>
		<som som="mp3/7_1_4_1.mp3" />
		<som som="mp3/7_1_4_2.mp3" />
		<som som="mp3/7_1_4_3.mp3" />
		<som som="mp3/7_1_4_4.mp3" />		
	</sons_tela>
</tela>