<?xml version="1.0" encoding="utf-8"?>
<tela>

	<textos_tela>
		<centro><B>Seja bem-vindo.</B>
&nbsp;</centro>
	</textos_tela>
	
	<textos_bullets>
		<centro><B>Ao concluir este módulo, você:</B>
&nbsp;</centro>
		<texto>saberá como funciona o protocolo ICMPv6 (<I>Internet Control Message Protocol version</I> 6)‏;
&nbsp;</texto>
		<texto>entenderá o funcionamento do protocolo de Descoberta de Vizinhança (<I>Neighbor Discovery</I>);‏
&nbsp;</texto>
		<texto>conhecerá os mecanismos de autoconfiguração <I>stateless</I> e <I>stateful</I>;
&nbsp;</texto>
		<texto>saberá como funciona o mecanismo de fragmentação no IPv6;
&nbsp;</texto>
		<texto>entenderá como é o suporte à Qualidade de Serviço no IPv6;
&nbsp;</texto>
		<texto>saberá como funciona o sistema de nomes de domínio para o novo protocolo;
&nbsp;</texto>
		<texto>compreenderá como é feito o suporte à mobilidade.
&nbsp;</texto>
	</textos_bullets>
	
	<imagens_tela>
		<imagem img="media/menu_objetivos.swf" />
	</imagens_tela>
	
	<sons_tela>
		<som som="mp3/6_1_1_1.mp3" />
		<som som="mp3/6_1_1_2.mp3" />
		<som som="mp3/6_1_1_3.mp3" />
		<som som="mp3/6_1_1_4.mp3" />
		<som som="mp3/6_1_1_5.mp3" />
		<som som="mp3/6_1_1_6.mp3" />
		<som som="mp3/6_1_1_7.mp3" />
		<som som="mp3/6_1_1_8.mp3" />
		<som som="mp3/6_1_1_9.mp3" />
	</sons_tela>
	
</tela>