<?xml version="1.0" encoding="utf-8"?>
<tela>
	<textos_tela>
		<texto>Outra importante mudança na estrutura do cabeçalho IPv6 é que, diferentemente do IPv4, que inclui em seu cabeçalho todas as opções adicionais, agora essas informações são tratadas por meio de <B>cabeçalhos de extensão</B>.
&nbsp;</texto>
		<texto>Os cabeçalhos de extensão localizam-se entre o cabeçalho base e o cabeçalho da camada de transporte.
&nbsp;</texto>
		<texto>Não há uma quantidade fixa de cabeçalhos de extensão que podem ser anexados ao cabeçalho base, porém, caso existam múltiplos cabeçalhos de  extensão no mesmo pacote, eles serão adicionados em série formando uma "cadeia de cabeçalhos".
&nbsp;</texto>		
	</textos_tela>

	<imagens_tela>
		<imagem img="media/tela4_1_8.swf" />
	</imagens_tela>
	
	<sons_tela>
		<som som="mp3/4_1_8_1.mp3" />
		<som som="mp3/4_1_8_2.mp3" />
		<som som="mp3/4_1_8_3.mp3" />
	</sons_tela>
</tela>