<?xml version="1.0" encoding="utf-8"?>
<tela>

	<textos_tela>
		<texto>Seja bem-vindo ao curso <B>Introdução ao IPv6,</B> oferecido pelo CGI.br e pelo NIC.br.
&nbsp;</texto>
		<texto>Esse curso é parte do projeto <B>IPv6.br</B>, que tem por objetivo fomentar o uso do novo protocolo IP no Brasil.
&nbsp;</texto>
		<texto>Ao término deste curso, você:
&nbsp;</texto>		
	</textos_tela>
	
	<textos_bullets>
		<texto>terá entendido por que é preciso implantar o IPv6 na Internet e nas redes;
&nbsp;</texto>
		<texto>compreenderá as principais características do novo protocolo e suas diferenças em relação à versão anterior, o IPv4;
&nbsp;</texto>
		<texto>saberá como se dará a transição para o IPv6;
&nbsp;</texto>
		<texto>será capaz de aprofundar seu conhecimento através de livros, cursos, sítios Web e por meio de experimentos práticos.
&nbsp;</texto>
	</textos_bullets>
	
	<imagens_tela>
		<imagem img="media/menu_objetivos.swf" />
	</imagens_tela>
	
	<sons_tela>
		<som som="mp3/1_1_1_1.mp3" />
		<som som="mp3/1_1_1_2.mp3" />
		<!--<som som="mp3/1_1_1_3.mp3" />-->
		<som som="mp3/no_sound.mp3" />
		<som som="mp3/1_1_1_4.mp3" />
		<som som="mp3/1_1_1_5.mp3" />
		<som som="mp3/1_1_1_6.mp3" />
		<som som="mp3/1_1_1_7.mp3" />
	</sons_tela>
		
</tela>