<?xml version="1.0" encoding="UTF-8"?>
<organization name="Curso de Introdução ao IPv6">
	  <resource title="Introdução">
		<resource id="01" pageId="1_1_0" title=""/>
		<resource id="02" pageId="1_1_1" title=""/>
		<resource id="03" pageId="1_1_2" title=""/>
		<resource id="04" pageId="1_1_3" title=""/>
		<resource id="05" pageId="1_1_4" title=""/>
		<resource id="06" pageId="1_1_5" title=""/>
		<resource id="07" pageId="1_1_6" title=""/>
		<resource id="08" pageId="1_1_7" title=""/>
	  </resource>
	  <resource title="O Protocolo IP">
		<resource id="01" pageId="2_1_0" title=""/>
		<resource id="02" pageId="2_1_1" title=""/>
		<resource id="03" pageId="2_1_2" title=""/>
		<resource id="04" pageId="2_1_3" title=""/>
<!--		<resource id="05" pageId="2_1_4" title=""/>-->
		<resource id="06" pageId="2_1_5" title=""/>
		<resource id="07" pageId="2_1_6" title=""/>
		<resource id="09" pageId="2_1_8" title=""/>
		<resource id="10" pageId="2_1_9" title=""/>
		<resource id="11" pageId="2_1_10" title=""/>
		<resource id="12" pageId="2_1_11" title=""/>
		<resource id="13" pageId="2_1_12" title=""/>
		<resource id="14" pageId="2_1_13" title=""/>
		<resource id="15" pageId="2_1_18" title=""/>
		<resource id="16" pageId="2_1_19" title=""/>
		<resource id="17" pageId="2_1_20" title=""/>
		<resource id="18" pageId="2_1_21" title=""/>
		<resource id="19" pageId="2_1_22" title=""/>
		<resource id="20" pageId="2_1_23" title=""/>
		<resource id="21" pageId="2_1_24" title=""/>
		<resource id="22" pageId="2_1_25" title=""/>
		<resource id="23" pageId="2_1_26" title=""/>
		<resource id="24" pageId="2_1_27" title=""/>
		<resource id="25" pageId="2_1_28" title=""/>
		<resource id="26" pageId="2_1_29" title=""/>
		<resource id="27" pageId="2_1_30" title=""/>
		<resource id="28" pageId="2_1_31" title=""/>
		<resource id="29" pageId="2_1_32" title=""/>
		<resource id="30" pageId="2_1_34" title=""/>	
		<resource id="31" pageId="2_1_33" title=""/>
	  </resource>
	   <resource title="Implantação do IPv6">
		<resource id="01" pageId="3_1_0" title=""/>
		<resource id="02" pageId="3_1_1" title=""/>
		<resource id="03" pageId="3_1_2" title=""/>
		<resource id="04" pageId="3_1_3" title=""/>
		<resource id="05" pageId="3_1_4" title=""/>
		<resource id="06" pageId="3_1_5" title=""/>
		<resource id="07" pageId="3_1_6" title=""/>
		<resource id="08" pageId="3_1_7" title=""/>
		<resource id="09" pageId="3_1_8" title=""/>
		<resource id="10" pageId="3_1_9" title=""/>
		<resource id="11" pageId="3_1_10" title=""/>
		<resource id="12" pageId="3_1_11" title=""/>
		<resource id="13" pageId="3_1_12" title=""/>
		<resource id="14" pageId="3_1_13" title=""/>
		<resource id="15" pageId="3_1_20" title=""/>
		<resource id="16" pageId="3_1_14" title=""/>
	  </resource>
	  <resource title="Cabeçalho IPv6">
		<resource id="01" pageId="4_1_0" title=""/>
		<resource id="02" pageId="4_1_1" title=""/>
		<resource id="03" pageId="4_1_2" title=""/>
		<resource id="04" pageId="4_1_3" title=""/>
		<resource id="05" pageId="4_1_4" title=""/>
		<resource id="06" pageId="4_1_5" title=""/>
		<resource id="07" pageId="4_1_6" title=""/>
		<resource id="08" pageId="4_1_7" title=""/>
		<resource id="09" pageId="4_1_8" title=""/>
		<resource id="10" pageId="4_1_9" title=""/>
		<resource id="11" pageId="4_1_10" title=""/>
		<resource id="12" pageId="4_1_11" title=""/>
		<resource id="13" pageId="4_1_17" title=""/>
		<resource id="14" pageId="4_1_12" title=""/>
	  </resource>
	  <resource title="Endereçamento do IPv6">
		<resource id="01" pageId="5_1_0" title=""/>
		<resource id="02" pageId="5_1_1" title=""/>
		<resource id="03" pageId="5_1_2" title=""/>
		<resource id="04" pageId="5_1_5" title=""/>
		<resource id="05" pageId="5_1_4" title=""/>
		<resource id="06" pageId="5_1_6" title=""/>
		<resource id="07" pageId="5_1_7" title=""/>
		<resource id="08" pageId="5_1_8" title=""/>
		<resource id="09" pageId="5_1_9" title=""/>
		<resource id="10" pageId="5_1_12" title=""/>
		<resource id="11" pageId="5_1_20" title=""/>
		<resource id="12" pageId="5_1_13" title=""/>
	  </resource>
	   <resource title="Serviços Básicos do IPv6">
		<resource id="01" pageId="6_1_0" title=""/>
		<resource id="02" pageId="6_1_1" title=""/>
		<resource id="04" pageId="6_1_2_1" title=""/>
		<resource id="05" pageId="6_1_3" title=""/>
		<resource id="06" pageId="6_1_4" title=""/>
		<resource id="07" pageId="6_1_5" title=""/>
		<resource id="08" pageId="6_1_6" title=""/>
		<resource id="09" pageId="6_1_7" title=""/>
		<resource id="10" pageId="6_1_8" title=""/>
		<resource id="11" pageId="6_1_9" title=""/>
		<resource id="12" pageId="6_1_10" title=""/>
		<resource id="13" pageId="6_1_11_1" title=""/>
		<resource id="14" pageId="6_1_12" title=""/>
		<resource id="15" pageId="6_1_13" title=""/>
		<resource id="17" pageId="6_1_15" title=""/>
		<resource id="18" pageId="6_1_16" title=""/>
		<resource id="19" pageId="6_1_17_1" title=""/>
		<resource id="20" pageId="6_1_18" title=""/>
		<resource id="21" pageId="6_1_19" title=""/>
		<resource id="22" pageId="6_1_20" title=""/>
		<resource id="23" pageId="6_1_22" title=""/>
		<resource id="24" pageId="6_1_23" title=""/>
		<resource id="25" pageId="6_1_24" title=""/>
		<resource id="26" pageId="6_1_25" title=""/>
		<!-- <resource id="01" pageId="6_2_0" title=""/> -->
		<resource id="02" pageId="6_2_1" title=""/>
		<resource id="03" pageId="6_2_2" title=""/>
		<resource id="04" pageId="6_2_3" title=""/>
		<resource id="05" pageId="6_2_4" title=""/>
		<resource id="06" pageId="6_2_5" title=""/>
		<resource id="07" pageId="6_2_6" title=""/>
		<resource id="08" pageId="6_2_7" title=""/>
		<resource id="09" pageId="6_2_8" title=""/>
		<resource id="10" pageId="6_2_9" title=""/>
		<resource id="11" pageId="6_2_10" title=""/>
		<resource id="12" pageId="6_2_11" title=""/>
		<resource id="13" pageId="6_2_13" title=""/>
		<resource id="14" pageId="6_2_14" title=""/>
		<resource id="15" pageId="6_2_15" title=""/>
		<resource id="16" pageId="6_2_17" title=""/>
		<resource id="17" pageId="6_2_18" title=""/>
		<resource id="18" pageId="6_2_19" title=""/>
		<resource id="19" pageId="6_2_20" title=""/>
		<resource id="20" pageId="6_2_21" title=""/>
		<resource id="21" pageId="6_2_29" title=""/>
		<resource id="22" pageId="6_2_22" title=""/>
	  </resource>
	  <resource title="Segurança">
		<resource id="01" pageId="7_1_0" title=""/>
		<resource id="02" pageId="7_1_1" title=""/>
		<resource id="03" pageId="7_1_2" title=""/>
		<resource id="04" pageId="7_1_3" title=""/>
		<resource id="05" pageId="7_1_4" title=""/>
		<resource id="06" pageId="7_1_5" title=""/>
		<resource id="07" pageId="7_1_6" title=""/>
		<resource id="08" pageId="7_1_7" title=""/>
		<resource id="09" pageId="7_1_8" title=""/>
		<resource id="10" pageId="7_1_9" title=""/>
		<resource id="11" pageId="7_1_10" title=""/>
		<resource id="12" pageId="7_1_11" title=""/>
		<resource id="13" pageId="7_1_12" title=""/>
		<resource id="14" pageId="7_1_13" title=""/>
		<resource id="15" pageId="7_1_14" title=""/>
		<resource id="16" pageId="7_1_15" title=""/>
		<resource id="17" pageId="7_1_16" title=""/>
		<resource id="18" pageId="7_1_23" title=""/>
		<resource id="19" pageId="7_1_17" title=""/>		
	  </resource>
	  <resource title="Roteamento e Gerenciamento">
		<resource id="01" pageId="8_1_0" title=""/>
		<resource id="02" pageId="8_1_1" title=""/>
		<resource id="03" pageId="8_1_2" title=""/>
		<resource id="04" pageId="8_1_3" title=""/>
		<resource id="05" pageId="8_1_4" title=""/>
		<resource id="06" pageId="8_1_5" title=""/>
		<resource id="07" pageId="8_1_6" title=""/>
		<resource id="08" pageId="8_1_7" title=""/>
		<resource id="09" pageId="8_1_8" title=""/>
		<resource id="10" pageId="8_1_9" title=""/>
		<resource id="11" pageId="8_1_10" title=""/>
		<resource id="12" pageId="8_1_11" title=""/>
		<resource id="13" pageId="8_1_12" title=""/>
		<resource id="14" pageId="8_1_13" title=""/>
		<resource id="15" pageId="8_1_14" title=""/>
		<resource id="16" pageId="8_1_15" title=""/>
		<resource id="17" pageId="8_1_16" title=""/>
		<resource id="18" pageId="8_1_17" title=""/>
		<resource id="19" pageId="8_1_25" title=""/>
		<resource id="20" pageId="8_1_18" title=""/>
  	  </resource>
	  <resource title="Coexistência e Transição">
		<resource id="01" pageId="9_1_0" title=""/>
		<resource id="02" pageId="9_1_1" title=""/>
		<resource id="03" pageId="9_1_2" title=""/>
		<resource id="04" pageId="9_1_3" title=""/>
		<resource id="05" pageId="9_1_4" title=""/>
		<resource id="06" pageId="9_1_5" title=""/>
		<resource id="07" pageId="9_1_7" title=""/>
		<resource id="08" pageId="9_1_8" title=""/>
		<resource id="09" pageId="9_1_9" title=""/>
		<resource id="10" pageId="9_1_11" title=""/>
		<resource id="11" pageId="9_1_13" title=""/>
		<resource id="12" pageId="9_1_14" title=""/>
		<resource id="13" pageId="9_1_15" title=""/>
		<resource id="14" pageId="9_1_23" title=""/>
		<resource id="15" pageId="9_1_16" title=""/>
	  </resource>
 	  <resource title="Mais Informações">
		<resource id="01" pageId="10_1_0" title=""/>
		<resource id="02" pageId="10_1_2" title=""/>
		<resource id="03" pageId="10_1_3" title=""/>
		<resource id="04" pageId="10_1_4" title=""/>
		<resource id="05" pageId="10_1_5" title=""/>
		<resource id="06" pageId="10_1_6" title=""/>
		<resource id="07" pageId="10_1_7" title=""/>
		<resource id="08" pageId="10_1_8" title=""/>
	  </resource>
</organization>