<?xml version="1.0" encoding="utf-8"?>
<tela>
<!--	<pixel link="http://curso.ipv6.br/1.gif" />
	<pixel link="http://curso.ipv6.br/2.gif" />
	<pixel link="http://curso.ipv6.br/3.gif" />
	<pixel link="http://curso.ipv6.br/4.gif" />
	<pixel link="http://curso.ipv6.br/5.gif" />
	<pixel link="http://curso.ipv6.br/6.gif" />
	<pixel link="http://curso.ipv6.br/6b.gif" />
	<pixel link="http://curso.ipv6.br/7.gif" />
	<pixel link="http://curso.ipv6.br/8.gif" />
	<pixel link="http://curso.ipv6.br/9.gif" />
	<pixel link="http://curso.ipv6.br/10.gif" />-->

	<pixel link="" />
	<pixel link="" />
	<pixel link="" />
	<pixel link="" />
	<pixel link="" />
	<pixel link="" />
	<pixel link="" />
	<pixel link="" />
	<pixel link="" />
	<pixel link="" />
	<pixel link="" />

</tela>